a4:08:01:cd:6d:9c,f0:86:20:04:34:72,0.0,1559
a4:08:01:cd:6d:9c,f0:86:20:04:34:72,0.09,1559
a4:08:01:cd:6d:9c,f0:86:20:04:34:72,0.15,257
a4:08:01:cd:6d:9c,f0:86:20:04:34:72,0.44,785
a4:08:01:cd:6d:9c,f0:86:20:04:34:72,0.53,1559
a4:08:01:cd:6d:9c,f0:86:20:04:34:72,0.63,1559
a4:08:01:cd:6d:9c,f0:86:20:04:34:72,0.72,1559
a4:08:01:cd:6d:9c,f0:86:20:04:34:72,0.88,905
a4:08:01:cd:6d:9c,f0:86:20:04:34:72,0.97,401
a4:08:01:cd:6d:9c,f0:86:20:04:34:72,1.06,1559
a4:08:01:cd:6d:9c,f0:86:20:04:34:72,1.15,161
a4:08:01:cd:6d:9c,f0:86:20:04:34:72,1.25,1559
a4:08:01:cd:6d:9c,f0:86:20:04:34:72,1.34,1559
N/A,N/A,1.4,59
a4:08:01:cd:6d:9c,f0:86:20:04:34:72,1.41,1559
a4:08:01:cd:6d:9c,f0:86:20:04:34:72,1.59,1559
a4:08:01:cd:6d:9c,f0:86:20:04:34:72,1.69,1559
a4:08:01:cd:6d:9c,f0:86:20:04:34:72,1.78,1559
a4:08:01:cd:6d:9c,f0:86:20:04:34:72,1.88,393
a4:08:01:cd:6d:9c,f0:86:20:04:34:72,1.97,1559
a4:08:01:cd:6d:9c,f0:86:20:04:34:72,2.13,153
a4:08:01:cd:6d:9c,f0:86:20:04:34:72,2.23,1559
a4:08:01:cd:6d:9c,f0:86:20:04:34:72,2.41,1559
a4:08:01:cd:6d:9c,f0:86:20:04:34:72,2.5,1559
a4:08:01:cd:6d:9c,f0:86:20:04:34:72,2.6,1559
a4:08:01:cd:6d:9c,f0:86:20:04:34:72,3.04,1559
a4:08:01:cd:6d:9c,f0:86:20:04:34:72,3.14,1559
N/A,N/A,3.29,59
a4:08:01:cd:6d:9c,f0:86:20:04:34:72,3.29,905
a4:08:01:cd:6d:9c,f0:86:20:04:34:72,3.39,1559
a4:08:01:cd:6d:9c,f0:86:20:04:34:72,3.49,1559
a4:08:01:cd:6d:9c,f0:86:20:04:34:72,3.58,1559
a4:08:01:cd:6d:9c,f0:86:20:04:34:72,3.67,1559
a4:08:01:cd:6d:9c,f0:86:20:04:34:72,3.76,1113
a4:08:01:cd:6d:9c,f0:86:20:04:34:72,3.92,1559
a4:08:01:cd:6d:9c,f0:86:20:04:34:72,4.01,1559
a4:08:01:cd:6d:9c,f0:86:20:04:34:72,4.11,921
a4:08:01:cd:6d:9c,f0:86:20:04:34:72,4.2,1559
a4:08:01:cd:6d:9c,f0:86:20:04:34:72,4.3,577
a4:08:01:cd:6d:9c,f0:86:20:04:34:72,4.39,1559
a4:08:01:cd:6d:9c,f0:86:20:04:34:72,4.48,1559
a4:08:01:cd:6d:9c,f0:86:20:04:34:72,4.64,1559
a4:08:01:cd:6d:9c,f0:86:20:04:34:72,4.73,1559
a4:08:01:cd:6d:9c,f0:86:20:04:34:72,4.83,1559
a4:08:01:cd:6d:9c,f0:86:20:04:34:72,4.92,1559
a4:08:01:cd:6d:9c,f0:86:20:04:34:72,5.02,1559
a4:08:01:cd:6d:9c,f0:86:20:04:34:72,5.11,1559
a4:08:01:cd:6d:9c,f0:86:20:04:34:72,5.46,1559
a4:08:01:cd:6d:9c,f0:86:20:04:34:72,5.64,105
a4:08:01:cd:6d:9c,f0:86:20:04:34:72,5.74,1559
a4:08:01:cd:6d:9c,f0:86:20:04:34:72,5.8,1559
a4:08:01:cd:6d:9c,f0:86:20:04:34:72,5.89,1559
a4:08:01:cd:6d:9c,f0:86:20:04:34:72,5.99,1559
a4:08:01:cd:6d:9c,f0:86:20:04:34:72,6.08,1559
a4:08:01:cd:6d:9c,f0:86:20:04:34:72,6.37,1559
a4:08:01:cd:6d:9c,f0:86:20:04:34:72,6.62,1559
a4:08:01:cd:6d:9c,f0:86:20:04:34:72,6.9,1559
a4:08:01:cd:6d:9c,f0:86:20:04:34:72,6.99,1559
N/A,N/A,7.05,59
a4:08:01:cd:6d:9c,f0:86:20:04:34:72,7.06,1559
a4:08:01:cd:6d:9c,f0:86:20:04:34:72,7.15,1559
a4:08:01:cd:6d:9c,f0:86:20:04:34:72,7.53,1559
a4:08:01:cd:6d:9c,f0:86:20:04:34:72,7.62,1559
a4:08:01:cd:6d:9c,f0:86:20:04:34:72,7.69,1559
a4:08:01:cd:6d:9c,f0:86:20:04:34:72,7.78,1559
a4:08:01:cd:6d:9c,f0:86:20:04:34:72,7.87,1559
a4:08:01:cd:6d:9c,f0:86:20:04:34:72,8.15,1559
a4:08:01:cd:6d:9c,9c:1e:95:20:00:20,8.26,116
a4:08:01:cd:6d:9c,9c:1e:95:20:00:20,8.26,116
N/A,N/A,8.26,48
9c:1e:95:20:00:20,a4:08:01:cd:6d:9c,8.37,190
N/A,N/A,8.37,68
a4:08:01:cd:6d:9c,f0:86:20:04:34:72,8.5,1559
a4:08:01:cd:6d:9c,f0:86:20:04:34:72,8.6,1559
9c:1e:95:20:00:20,a4:08:01:cd:6d:9c,8.64,183
N/A,N/A,8.65,60
N/A,N/A,8.65,68
N/A,N/A,8.65,60
N/A,N/A,8.65,68
N/A,N/A,8.66,60
N/A,N/A,8.66,68
N/A,N/A,8.66,60
N/A,N/A,8.66,68
N/A,N/A,8.66,60
N/A,N/A,8.66,68
N/A,N/A,8.66,60
N/A,N/A,8.66,68
N/A,N/A,8.66,60
N/A,N/A,8.66,68
N/A,N/A,8.66,60
N/A,N/A,8.66,68
N/A,N/A,8.66,60
N/A,N/A,8.66,68
N/A,N/A,8.66,60
N/A,N/A,8.66,68
N/A,N/A,8.66,60
N/A,N/A,8.66,68
9c:1e:95:20:00:20,a4:08:01:cd:6d:9c,8.66,183
N/A,N/A,8.66,68
a4:08:01:cd:6d:9c,9c:1e:95:20:00:20,8.67,208
a4:08:01:cd:6d:9c,9c:1e:95:20:00:20,8.67,208
a4:08:01:cd:6d:9c,9c:1e:95:20:00:20,8.67,208
a4:08:01:cd:6d:9c,9c:1e:95:20:00:20,8.67,208
a4:08:01:cd:6d:9c,9c:1e:95:20:00:20,8.67,208
a4:08:01:cd:6d:9c,9c:1e:95:20:00:20,8.68,208
N/A,N/A,8.68,68
N/A,N/A,8.94,59
a4:08:01:cd:6d:9c,f0:86:20:04:34:72,8.94,473
a4:08:01:cd:6d:9c,f0:86:20:04:34:72,9.03,1559
a4:08:01:cd:6d:9c,f0:86:20:04:34:72,9.13,1559
a4:08:01:cd:6d:9c,f0:86:20:04:34:72,9.18,1559
a4:08:01:cd:6d:9c,f0:86:20:04:34:72,9.23,1559
a4:08:01:cd:6d:9c,f0:86:20:04:34:72,9.27,1559
a4:08:01:cd:6d:9c,f0:86:20:04:34:72,9.32,1559
a4:08:01:cd:6d:9c,f0:86:20:04:34:72,9.36,1559
a4:08:01:cd:6d:9c,f0:86:20:04:34:72,9.41,1559
a4:08:01:cd:6d:9c,f0:86:20:04:34:72,9.46,1559
a4:08:01:cd:6d:9c,f0:86:20:04:34:72,9.5,1559
a4:08:01:cd:6d:9c,f0:86:20:04:34:72,9.55,1559
a4:08:01:cd:6d:9c,f0:86:20:04:34:72,9.62,1559
a4:08:01:cd:6d:9c,f0:86:20:04:34:72,9.67,1559
a4:08:01:cd:6d:9c,f0:86:20:04:34:72,9.76,1559
a4:08:01:cd:6d:9c,f0:86:20:04:34:72,9.85,1559
a4:08:01:cd:6d:9c,f0:86:20:04:34:72,9.9,1559
a4:08:01:cd:6d:9c,f0:86:20:04:34:72,9.95,1559
a4:08:01:cd:6d:9c,f0:86:20:04:34:72,9.99,1559
a4:08:01:cd:6d:9c,f0:86:20:04:34:72,10.04,1559
a4:08:01:cd:6d:9c,f0:86:20:04:34:72,10.09,1559
a4:08:01:cd:6d:9c,f0:86:20:04:34:72,10.13,1559
a4:08:01:cd:6d:9c,f0:86:20:04:34:72,10.18,1559
a4:08:01:cd:6d:9c,f0:86:20:04:34:72,10.29,137
a4:08:01:cd:6d:9c,f0:86:20:04:34:72,10.34,1559
a4:08:01:cd:6d:9c,f0:86:20:04:34:72,10.38,1559
a4:08:01:cd:6d:9c,f0:86:20:04:34:72,10.48,1225
a4:08:01:cd:6d:9c,f0:86:20:04:34:72,10.53,1559
a4:08:01:cd:6d:9c,f0:86:20:04:34:72,10.57,249
a4:08:01:cd:6d:9c,f0:86:20:04:34:72,10.62,1559
a4:08:01:cd:6d:9c,f0:86:20:04:34:72,10.71,1559
a4:08:01:cd:6d:9c,f0:86:20:04:34:72,10.76,1321
a4:08:01:cd:6d:9c,f0:86:20:04:34:72,10.81,1559
a4:08:01:cd:6d:9c,f0:86:20:04:34:72,10.88,1559
a4:08:01:cd:6d:9c,f0:86:20:04:34:72,10.92,1559
a4:08:01:cd:6d:9c,f0:86:20:04:34:72,10.97,1559
a4:08:01:cd:6d:9c,f0:86:20:04:34:72,11.16,1559
a4:08:01:cd:6d:9c,f0:86:20:04:34:72,11.21,1559
a4:08:01:cd:6d:9c,f0:86:20:04:34:72,11.34,1113
a4:08:01:cd:6d:9c,f0:86:20:04:34:72,11.59,1559
a4:08:01:cd:6d:9c,f0:86:20:04:34:72,11.68,169
a4:08:01:cd:6d:9c,f0:86:20:04:34:72,11.73,1441
a4:08:01:cd:6d:9c,f0:86:20:04:34:72,11.78,1559
a4:08:01:cd:6d:9c,f0:86:20:04:34:72,11.83,1559
a4:08:01:cd:6d:9c,f0:86:20:04:34:72,11.88,1559
a4:08:01:cd:6d:9c,f0:86:20:04:34:72,11.92,1233
a4:08:01:cd:6d:9c,f0:86:20:04:34:72,11.97,433
a4:08:01:cd:6d:9c,f0:86:20:04:34:72,12.02,337
a4:08:01:cd:6d:9c,f0:86:20:04:34:72,12.06,1559
a4:08:01:cd:6d:9c,f0:86:20:04:34:72,12.13,1559
a4:08:01:cd:6d:9c,f0:86:20:04:34:72,12.17,1559
a4:08:01:cd:6d:9c,f0:86:20:04:34:72,12.22,1559
a4:08:01:cd:6d:9c,f0:86:20:04:34:72,12.28,1559
a4:08:01:cd:6d:9c,f0:86:20:04:34:72,12.32,1559
a4:08:01:cd:6d:9c,f0:86:20:04:34:72,12.36,1559
a4:08:01:cd:6d:9c,f0:86:20:04:34:72,12.45,1559
a4:08:01:cd:6d:9c,f0:86:20:04:34:72,12.55,1559
a4:08:01:cd:6d:9c,f0:86:20:04:34:72,12.8,1559
a4:08:01:cd:6d:9c,f0:86:20:04:34:72,13.28,1559
a4:08:01:cd:6d:9c,f0:86:20:04:34:72,13.34,521
a4:08:01:cd:6d:9c,9c:1e:95:20:00:20,13.52,175
a4:08:01:cd:6d:9c,9c:1e:95:20:00:20,13.52,175
a4:08:01:cd:6d:9c,9c:1e:95:20:00:20,13.52,175
a4:08:01:cd:6d:9c,9c:1e:95:20:00:20,13.52,175
a4:08:01:cd:6d:9c,f0:86:20:04:34:72,13.53,1559
9c:1e:95:20:00:20,a4:08:01:cd:6d:9c,13.6,164
9c:1e:95:20:00:20,a4:08:01:cd:6d:9c,13.6,175
N/A,N/A,13.6,68
a4:08:01:cd:6d:9c,9c:1e:95:20:00:20,13.6,164
a4:08:01:cd:6d:9c,9c:1e:95:20:00:20,13.6,164
a4:08:01:cd:6d:9c,9c:1e:95:20:00:20,13.6,164
a4:08:01:cd:6d:9c,9c:1e:95:20:00:20,13.6,164
a4:08:01:cd:6d:9c,9c:1e:95:20:00:20,13.6,164
N/A,N/A,13.6,68
a4:08:01:cd:6d:9c,f0:86:20:04:34:72,13.62,1559
a4:08:01:cd:6d:9c,f0:86:20:04:34:72,13.72,689
a4:08:01:cd:6d:9c,f0:86:20:04:34:72,14.25,1559
N/A,N/A,14.6,59
a4:08:01:cd:6d:9c,f0:86:20:04:34:72,14.6,1559
a4:08:01:cd:6d:9c,f0:86:20:04:34:72,14.88,1559
a4:08:01:cd:6d:9c,f0:86:20:04:34:72,14.97,1559
a4:08:01:cd:6d:9c,f0:86:20:04:34:72,15.07,89
a4:08:01:cd:6d:9c,f0:86:20:04:34:72,15.23,209
a4:08:01:cd:6d:9c,f0:86:20:04:34:72,15.32,1559
a4:08:01:cd:6d:9c,f0:86:20:04:34:72,15.41,1559
a4:08:01:cd:6d:9c,f0:86:20:04:34:72,15.6,1559
a4:08:01:cd:6d:9c,f0:86:20:04:34:72,15.69,1559
a4:08:01:cd:6d:9c,f0:86:20:04:34:72,15.79,1559
a4:08:01:cd:6d:9c,f0:86:20:04:34:72,16.04,1559
a4:08:01:cd:6d:9c,f0:86:20:04:34:72,16.14,1559
a4:08:01:cd:6d:9c,f0:86:20:04:34:72,16.32,1559
a4:08:01:cd:6d:9c,f0:86:20:04:34:72,16.42,1559
a4:08:01:cd:6d:9c,f0:86:20:04:34:72,16.58,1559
a4:08:01:cd:6d:9c,f0:86:20:04:34:72,16.76,1559
a4:08:01:cd:6d:9c,f0:86:20:04:34:72,16.86,1559
a4:08:01:cd:6d:9c,f0:86:20:04:34:72,16.95,1559
a4:08:01:cd:6d:9c,f0:86:20:04:34:72,17.04,1559
a4:08:01:cd:6d:9c,f0:86:20:04:34:72,17.11,1559
a4:08:01:cd:6d:9c,f0:86:20:04:34:72,17.39,1559
a4:08:01:cd:6d:9c,f0:86:20:04:34:72,17.49,281
a4:08:01:cd:6d:9c,f0:86:20:04:34:72,17.58,1559
a4:08:01:cd:6d:9c,f0:86:20:04:34:72,17.67,1559
a4:08:01:cd:6d:9c,f0:86:20:04:34:72,17.83,1559
a4:08:01:cd:6d:9c,f0:86:20:04:34:72,17.92,1559
a4:08:01:cd:6d:9c,f0:86:20:04:34:72,18.02,1559
a4:08:01:cd:6d:9c,f0:86:20:04:34:72,18.21,1559
a4:08:01:cd:6d:9c,f0:86:20:04:34:72,18.36,1559
a4:08:01:cd:6d:9c,f0:86:20:04:34:72,18.46,1559
a4:08:01:cd:6d:9c,f0:86:20:04:34:72,18.55,1559
a4:08:01:cd:6d:9c,f0:86:20:04:34:72,18.83,1559
a4:08:01:cd:6d:9c,f0:86:20:04:34:72,18.93,625
a4:08:01:cd:6d:9c,f0:86:20:04:34:72,18.99,1559
a4:08:01:cd:6d:9c,f0:86:20:04:34:72,19.08,1559
a4:08:01:cd:6d:9c,f0:86:20:04:34:72,19.18,321
a4:08:01:cd:6d:9c,f0:86:20:04:34:72,19.27,1559
a4:08:01:cd:6d:9c,f0:86:20:04:34:72,19.37,1559
a4:08:01:cd:6d:9c,f0:86:20:04:34:72,19.46,1559
a4:08:01:cd:6d:9c,f0:86:20:04:34:72,19.72,1559
a4:08:01:cd:6d:9c,f0:86:20:04:34:72,19.81,1559
a4:08:01:cd:6d:9c,f0:86:20:04:34:72,20.19,1559
a4:08:01:cd:6d:9c,f0:86:20:04:34:72,20.25,1559
a4:08:01:cd:6d:9c,f0:86:20:04:34:72,20.44,1559
a4:08:01:cd:6d:9c,f0:86:20:04:34:72,20.53,1559
a4:08:01:cd:6d:9c,f0:86:20:04:34:72,20.63,129
a4:08:01:cd:6d:9c,f0:86:20:04:34:72,20.72,1559
a4:08:01:cd:6d:9c,f0:86:20:04:34:72,20.82,1559
a4:08:01:cd:6d:9c,f0:86:20:04:34:72,20.88,1559
a4:08:01:cd:6d:9c,f0:86:20:04:34:72,20.98,1559
a4:08:01:cd:6d:9c,f0:86:20:04:34:72,21.07,193
a4:08:01:cd:6d:9c,f0:86:20:04:34:72,21.17,1559
a4:08:01:cd:6d:9c,f0:86:20:04:34:72,21.26,177
a4:08:01:cd:6d:9c,f0:86:20:04:34:72,21.36,1559
a4:08:01:cd:6d:9c,f0:86:20:04:34:72,21.45,1559
a4:08:01:cd:6d:9c,f0:86:20:04:34:72,21.61,1559
a4:08:01:cd:6d:9c,f0:86:20:04:34:72,21.79,1559
a4:08:01:cd:6d:9c,f0:86:20:04:34:72,21.89,1559
a4:08:01:cd:6d:9c,f0:86:20:04:34:72,21.98,1559
a4:08:01:cd:6d:9c,f0:86:20:04:34:72,22.08,1559
a4:08:01:cd:6d:9c,f0:86:20:04:34:72,22.23,121
a4:08:01:cd:6d:9c,f0:86:20:04:34:72,22.33,97
a4:08:01:cd:6d:9c,f0:86:20:04:34:72,22.42,105
a4:08:01:cd:6d:9c,f0:86:20:04:34:72,22.61,169
a4:08:01:cd:6d:9c,f0:86:20:04:34:72,22.71,1559
a4:08:01:cd:6d:9c,f0:86:20:04:34:72,22.77,1559
a4:08:01:cd:6d:9c,f0:86:20:04:34:72,22.86,105
a4:08:01:cd:6d:9c,f0:86:20:04:34:72,23.05,1559
a4:08:01:cd:6d:9c,f0:86:20:04:34:72,23.14,1559
a4:08:01:cd:6d:9c,f0:86:20:04:34:72,23.24,1559
a4:08:01:cd:6d:9c,f0:86:20:04:34:72,23.33,1559
a4:08:01:cd:6d:9c,f0:86:20:04:34:72,23.5,1559
a4:08:01:cd:6d:9c,f0:86:20:04:34:72,23.68,105
a4:08:01:cd:6d:9c,f0:86:20:04:34:72,23.77,1559
a4:08:01:cd:6d:9c,f0:86:20:04:34:72,23.87,1559
a4:08:01:cd:6d:9c,f0:86:20:04:34:72,23.96,713
a4:08:01:cd:6d:9c,f0:86:20:04:34:72,24.02,121
a4:08:01:cd:6d:9c,f0:86:20:04:34:72,24.12,1559
a4:08:01:cd:6d:9c,f0:86:20:04:34:72,24.21,441
a4:08:01:cd:6d:9c,f0:86:20:04:34:72,24.31,1559
a4:08:01:cd:6d:9c,f0:86:20:04:34:72,24.65,1559
a4:08:01:cd:6d:9c,f0:86:20:04:34:72,24.75,1559
a4:08:01:cd:6d:9c,f0:86:20:04:34:72,24.84,1559
a4:08:01:cd:6d:9c,f0:86:20:04:34:72,24.94,1559
a4:08:01:cd:6d:9c,f0:86:20:04:34:72,25.47,1559
a4:08:01:cd:6d:9c,f0:86:20:04:34:72,25.57,1559
a4:08:01:cd:6d:9c,f0:86:20:04:34:72,25.65,793
a4:08:01:cd:6d:9c,f0:86:20:04:34:72,25.75,1559
a4:08:01:cd:6d:9c,f0:86:20:04:34:72,25.84,281
a4:08:01:cd:6d:9c,f0:86:20:04:34:72,25.91,1559
a4:08:01:cd:6d:9c,f0:86:20:04:34:72,26.0,1559
a4:08:01:cd:6d:9c,f0:86:20:04:34:72,26.19,1201
a4:08:01:cd:6d:9c,f0:86:20:04:34:72,26.54,1559
a4:08:01:cd:6d:9c,f0:86:20:04:34:72,26.63,89
a4:08:01:cd:6d:9c,f0:86:20:04:34:72,26.91,281
a4:08:01:cd:6d:9c,f0:86:20:04:34:72,27.01,513
a4:08:01:cd:6d:9c,f0:86:20:04:34:72,27.1,673
a4:08:01:cd:6d:9c,f0:86:20:04:34:72,27.27,1559
a4:08:01:cd:6d:9c,f0:86:20:04:34:72,27.45,89
a4:08:01:cd:6d:9c,f0:86:20:04:34:72,27.55,1559
a4:08:01:cd:6d:9c,f0:86:20:04:34:72,27.64,1033
N/A,N/A,27.66,60
N/A,N/A,27.66,68
N/A,N/A,27.66,60
N/A,N/A,27.66,68
N/A,N/A,27.66,60
N/A,N/A,27.66,68
N/A,N/A,27.66,60
N/A,N/A,27.66,68
9c:1e:95:20:00:20,a4:08:01:cd:6d:9c,27.66,233
N/A,N/A,27.66,68
a4:08:01:cd:6d:9c,9c:1e:95:20:00:20,27.66,233
a4:08:01:cd:6d:9c,9c:1e:95:20:00:20,27.66,233
a4:08:01:cd:6d:9c,9c:1e:95:20:00:20,27.66,233
a4:08:01:cd:6d:9c,9c:1e:95:20:00:20,27.67,233
a4:08:01:cd:6d:9c,9c:1e:95:20:00:20,27.67,233
N/A,N/A,27.67,68
a4:08:01:cd:6d:9c,f0:86:20:04:34:72,27.74,1559
N/A,N/A,27.76,60
N/A,N/A,27.76,68
N/A,N/A,27.76,60
N/A,N/A,27.76,60
N/A,N/A,27.76,68
9c:1e:95:20:00:20,a4:08:01:cd:6d:9c,27.76,164
N/A,N/A,27.76,68
a4:08:01:cd:6d:9c,f0:86:20:04:34:72,27.8,1559
a4:08:01:cd:6d:9c,f0:86:20:04:34:72,27.89,1559
a4:08:01:cd:6d:9c,f0:86:20:04:34:72,27.99,1559
a4:08:01:cd:6d:9c,f0:86:20:04:34:72,28.08,1559
a4:08:01:cd:6d:9c,f0:86:20:04:34:72,28.17,105
a4:08:01:cd:6d:9c,f0:86:20:04:34:72,28.27,1559
a4:08:01:cd:6d:9c,f0:86:20:04:34:72,28.36,1559
a4:08:01:cd:6d:9c,f0:86:20:04:34:72,28.42,1559
a4:08:01:cd:6d:9c,f0:86:20:04:34:72,28.52,1559
a4:08:01:cd:6d:9c,f0:86:20:04:34:72,28.71,1559
a4:08:01:cd:6d:9c,f0:86:20:04:34:72,28.8,1559
a4:08:01:cd:6d:9c,f0:86:20:04:34:72,28.89,273
a4:08:01:cd:6d:9c,f0:86:20:04:34:72,29.15,225
a4:08:01:cd:6d:9c,f0:86:20:04:34:72,29.24,1145
a4:08:01:cd:6d:9c,f0:86:20:04:34:72,29.43,209
a4:08:01:cd:6d:9c,f0:86:20:04:34:72,29.61,1559
a4:08:01:cd:6d:9c,f0:86:20:04:34:72,29.68,1559
a4:08:01:cd:6d:9c,f0:86:20:04:34:72,29.86,97
a4:08:01:cd:6d:9c,f0:86:20:04:34:72,30.15,1201
a4:08:01:cd:6d:9c,f0:86:20:04:34:72,30.24,1559
a4:08:01:cd:6d:9c,f0:86:20:04:34:72,30.3,1559
a4:08:01:cd:6d:9c,f0:86:20:04:34:72,30.39,1559
a4:08:01:cd:6d:9c,f0:86:20:04:34:72,30.58,289
a4:08:01:cd:6d:9c,f0:86:20:04:34:72,30.68,1145
a4:08:01:cd:6d:9c,f0:86:20:04:34:72,30.77,1559
a4:08:01:cd:6d:9c,f0:86:20:04:34:72,30.86,97
a4:08:01:cd:6d:9c,f0:86:20:04:34:72,31.11,97
a4:08:01:cd:6d:9c,f0:86:20:04:34:72,31.21,1559
a4:08:01:cd:6d:9c,f0:86:20:04:34:72,31.3,129
a4:08:01:cd:6d:9c,f0:86:20:04:34:72,31.4,1559
a4:08:01:cd:6d:9c,f0:86:20:04:34:72,31.49,1559
a4:08:01:cd:6d:9c,f0:86:20:04:34:72,31.55,105
a4:08:01:cd:6d:9c,f0:86:20:04:34:72,31.65,201
a4:08:01:cd:6d:9c,f0:86:20:04:34:72,31.74,89
a4:08:01:cd:6d:9c,f0:86:20:04:34:72,31.84,1559
a4:08:01:cd:6d:9c,f0:86:20:04:34:72,31.93,1559
a4:08:01:cd:6d:9c,f0:86:20:04:34:72,32.02,1559
a4:08:01:cd:6d:9c,f0:86:20:04:34:72,32.18,1559
a4:08:01:cd:6d:9c,f0:86:20:04:34:72,32.28,1559
a4:08:01:cd:6d:9c,f0:86:20:04:34:72,32.37,1065
a4:08:01:cd:6d:9c,f0:86:20:04:34:72,32.46,705
a4:08:01:cd:6d:9c,f0:86:20:04:34:72,32.65,1559
a4:08:01:cd:6d:9c,f0:86:20:04:34:72,32.75,1559
a4:08:01:cd:6d:9c,f0:86:20:04:34:72,32.9,1559
a4:08:01:cd:6d:9c,f0:86:20:04:34:72,32.99,105
a4:08:01:cd:6d:9c,f0:86:20:04:34:72,33.09,1559
a4:08:01:cd:6d:9c,f0:86:20:04:34:72,33.19,1369
a4:08:01:cd:6d:9c,f0:86:20:04:34:72,33.43,97
a4:08:01:cd:6d:9c,f0:86:20:04:34:72,33.53,185
a4:08:01:cd:6d:9c,f0:86:20:04:34:72,33.63,313
a4:08:01:cd:6d:9c,f0:86:20:04:34:72,33.91,89
a4:08:01:cd:6d:9c,f0:86:20:04:34:72,34.07,1559
a4:08:01:cd:6d:9c,f0:86:20:04:34:72,34.16,1559
a4:08:01:cd:6d:9c,f0:86:20:04:34:72,34.26,129
a4:08:01:cd:6d:9c,f0:86:20:04:34:72,34.35,1559
a4:08:01:cd:6d:9c,f0:86:20:04:34:72,34.44,89
a4:08:01:cd:6d:9c,f0:86:20:04:34:72,34.54,129
a4:08:01:cd:6d:9c,f0:86:20:04:34:72,34.63,113
a4:08:01:cd:6d:9c,f0:86:20:04:34:72,34.79,1559
a4:08:01:cd:6d:9c,f0:86:20:04:34:72,34.98,1559
a4:08:01:cd:6d:9c,f0:86:20:04:34:72,35.07,1409
a4:08:01:cd:6d:9c,f0:86:20:04:34:72,35.26,729
a4:08:01:cd:6d:9c,f0:86:20:04:34:72,35.33,465
a4:08:01:cd:6d:9c,f0:86:20:04:34:72,35.42,137
a4:08:01:cd:6d:9c,f0:86:20:04:34:72,35.52,1559
a4:08:01:cd:6d:9c,f0:86:20:04:34:72,35.61,105
a4:08:01:cd:6d:9c,f0:86:20:04:34:72,35.71,89
a4:08:01:cd:6d:9c,f0:86:20:04:34:72,35.8,1559
a4:08:01:cd:6d:9c,f0:86:20:04:34:72,35.95,673
a4:08:01:cd:6d:9c,f0:86:20:04:34:72,36.05,585
a4:08:01:cd:6d:9c,f0:86:20:04:34:72,36.24,185
a4:08:01:cd:6d:9c,f0:86:20:04:34:72,36.33,97
a4:08:01:cd:6d:9c,f0:86:20:04:34:72,36.53,121
a4:08:01:cd:6d:9c,f0:86:20:04:34:72,36.68,89
a4:08:01:cd:6d:9c,f0:86:20:04:34:72,36.87,1559
a4:08:01:cd:6d:9c,f0:86:20:04:34:72,36.96,121
a4:08:01:cd:6d:9c,f0:86:20:04:34:72,37.05,329
a4:08:01:cd:6d:9c,f0:86:20:04:34:72,37.15,1559
a4:08:01:cd:6d:9c,f0:86:20:04:34:72,37.21,1105
a4:08:01:cd:6d:9c,f0:86:20:04:34:72,37.3,1559
a4:08:01:cd:6d:9c,f0:86:20:04:34:72,37.4,121
a4:08:01:cd:6d:9c,f0:86:20:04:34:72,37.59,145
a4:08:01:cd:6d:9c,f0:86:20:04:34:72,37.68,1105
a4:08:01:cd:6d:9c,f0:86:20:04:34:72,37.77,89
a4:08:01:cd:6d:9c,f0:86:20:04:34:72,37.84,865
a4:08:01:cd:6d:9c,f0:86:20:04:34:72,38.03,105
a4:08:01:cd:6d:9c,f0:86:20:04:34:72,38.12,105
a4:08:01:cd:6d:9c,f0:86:20:04:34:72,38.22,169
N/A,N/A,38.28,48
a4:08:01:cd:6d:9c,f0:86:20:04:34:72,38.4,113
a4:08:01:cd:6d:9c,f0:86:20:04:34:72,38.65,1559
a4:08:01:cd:6d:9c,f0:86:20:04:34:72,38.75,1559
a4:08:01:cd:6d:9c,f0:86:20:04:34:72,38.84,177
a4:08:01:cd:6d:9c,f0:86:20:04:34:72,39.03,153
a4:08:01:cd:6d:9c,f0:86:20:04:34:72,39.19,1559
a4:08:01:cd:6d:9c,f0:86:20:04:34:72,39.38,1313
a4:08:01:cd:6d:9c,f0:86:20:04:34:72,39.47,1559
a4:08:01:cd:6d:9c,f0:86:20:04:34:72,39.56,1559
a4:08:01:cd:6d:9c,f0:86:20:04:34:72,39.66,1559
a4:08:01:cd:6d:9c,f0:86:20:04:34:72,39.72,1559
a4:08:01:cd:6d:9c,f0:86:20:04:34:72,39.82,89
a4:08:01:cd:6d:9c,f0:86:20:04:34:72,40.1,1559
a4:08:01:cd:6d:9c,f0:86:20:04:34:72,40.19,1049
a4:08:01:cd:6d:9c,f0:86:20:04:34:72,40.54,1559
a4:08:01:cd:6d:9c,f0:86:20:04:34:72,40.73,1559
a4:08:01:cd:6d:9c,f0:86:20:04:34:72,40.82,177
a4:08:01:cd:6d:9c,f0:86:20:04:34:72,40.98,1559
a4:08:01:cd:6d:9c,f0:86:20:04:34:72,41.17,177
a4:08:01:cd:6d:9c,f0:86:20:04:34:72,41.26,1559
a4:08:01:cd:6d:9c,f0:86:20:04:34:72,41.36,1559
a4:08:01:cd:6d:9c,f0:86:20:04:34:72,41.71,201
a4:08:01:cd:6d:9c,f0:86:20:04:34:72,41.89,417
a4:08:01:cd:6d:9c,f0:86:20:04:34:72,41.99,1559
a4:08:01:cd:6d:9c,f0:86:20:04:34:72,42.53,1559
a4:08:01:cd:6d:9c,f0:86:20:04:34:72,42.72,1559
a4:08:01:cd:6d:9c,f0:86:20:04:34:72,42.97,1559
a4:08:01:cd:6d:9c,f0:86:20:04:34:72,43.06,569
a4:08:01:cd:6d:9c,f0:86:20:04:34:72,43.16,185
a4:08:01:cd:6d:9c,f0:86:20:04:34:72,43.34,1559
a4:08:01:cd:6d:9c,f0:86:20:04:34:72,43.5,89
a4:08:01:cd:6d:9c,f0:86:20:04:34:72,43.69,1559
a4:08:01:cd:6d:9c,f0:86:20:04:34:72,43.78,1559
a4:08:01:cd:6d:9c,f0:86:20:04:34:72,43.87,129
N/A,N/A,43.9,68
a4:08:01:cd:6d:9c,9c:1e:95:20:00:20,43.9,175
a4:08:01:cd:6d:9c,9c:1e:95:20:00:20,43.9,175
a4:08:01:cd:6d:9c,9c:1e:95:20:00:20,43.9,175
a4:08:01:cd:6d:9c,9c:1e:95:20:00:20,43.9,175
N/A,N/A,43.9,68
N/A,N/A,44.02,60
N/A,N/A,44.02,68
N/A,N/A,44.03,60
N/A,N/A,44.03,68
N/A,N/A,44.05,60
N/A,N/A,44.05,68
N/A,N/A,44.05,60
N/A,N/A,44.05,68
N/A,N/A,44.05,60
N/A,N/A,44.05,68
N/A,N/A,44.05,60
N/A,N/A,44.05,68
N/A,N/A,44.05,60
N/A,N/A,44.05,68
N/A,N/A,44.05,60
N/A,N/A,44.05,68
N/A,N/A,44.06,60
N/A,N/A,44.06,68
N/A,N/A,44.06,60
N/A,N/A,44.06,68
a4:08:01:cd:6d:9c,f0:86:20:04:34:72,44.06,569
N/A,N/A,44.09,60
N/A,N/A,44.09,68
N/A,N/A,44.09,60
N/A,N/A,44.09,68
N/A,N/A,44.12,60
N/A,N/A,44.12,68
N/A,N/A,44.13,60
N/A,N/A,44.13,68
N/A,N/A,44.16,60
a4:08:01:cd:6d:9c,9c:1e:95:20:00:20,44.18,175
N/A,N/A,44.18,68
a4:08:01:cd:6d:9c,9c:1e:95:20:00:20,44.18,175
a4:08:01:cd:6d:9c,9c:1e:95:20:00:20,44.19,175
N/A,N/A,44.19,60
N/A,N/A,44.19,68
a4:08:01:cd:6d:9c,9c:1e:95:20:00:20,44.2,175
a4:08:01:cd:6d:9c,9c:1e:95:20:00:20,44.2,175
a4:08:01:cd:6d:9c,9c:1e:95:20:00:20,44.21,175
a4:08:01:cd:6d:9c,9c:1e:95:20:00:20,44.21,151
N/A,N/A,44.21,48
9c:1e:95:20:00:20,a4:08:01:cd:6d:9c,44.21,175
N/A,N/A,44.21,68
a4:08:01:cd:6d:9c,f0:86:20:04:34:72,44.22,209
a4:08:01:cd:6d:9c,f0:86:20:04:34:72,44.32,1559
N/A,N/A,44.33,60
N/A,N/A,44.33,68
9c:1e:95:20:00:20,a4:08:01:cd:6d:9c,44.33,176
a4:08:01:cd:6d:9c,9c:1e:95:20:00:20,44.33,164
a4:08:01:cd:6d:9c,9c:1e:95:20:00:20,44.33,164
a4:08:01:cd:6d:9c,9c:1e:95:20:00:20,44.33,164
9c:1e:95:20:00:20,a4:08:01:cd:6d:9c,44.33,176
N/A,N/A,44.33,68
a4:08:01:cd:6d:9c,9c:1e:95:20:00:20,44.33,164
a4:08:01:cd:6d:9c,9c:1e:95:20:00:20,44.33,164
a4:08:01:cd:6d:9c,9c:1e:95:20:00:20,44.34,164
a4:08:01:cd:6d:9c,9c:1e:95:20:00:20,44.35,164
N/A,N/A,44.35,68
9c:1e:95:20:00:20,a4:08:01:cd:6d:9c,44.35,175
N/A,N/A,44.37,60
N/A,N/A,44.37,68
N/A,N/A,44.38,60
N/A,N/A,44.38,60
N/A,N/A,44.38,60
N/A,N/A,44.38,68
9c:1e:95:20:00:20,a4:08:01:cd:6d:9c,44.39,175
a4:08:01:cd:6d:9c,f0:86:20:04:34:72,44.41,97
a4:08:01:cd:6d:9c,f0:86:20:04:34:72,44.46,1559
N/A,N/A,44.49,60
N/A,N/A,44.49,68
9c:1e:95:20:00:20,a4:08:01:cd:6d:9c,44.49,175
N/A,N/A,44.49,68
a4:08:01:cd:6d:9c,9c:1e:95:20:00:20,44.49,176
a4:08:01:cd:6d:9c,9c:1e:95:20:00:20,44.49,176
a4:08:01:cd:6d:9c,9c:1e:95:20:00:20,44.5,176
N/A,N/A,44.5,68
a4:08:01:cd:6d:9c,f0:86:20:04:34:72,44.5,89
a4:08:01:cd:6d:9c,f0:86:20:04:34:72,44.55,1559
a4:08:01:cd:6d:9c,f0:86:20:04:34:72,44.6,129
a4:08:01:cd:6d:9c,f0:86:20:04:34:72,44.74,545
a4:08:01:cd:6d:9c,f0:86:20:04:34:72,44.75,153
a4:08:01:cd:6d:9c,f0:86:20:04:34:72,44.85,1559
a4:08:01:cd:6d:9c,f0:86:20:04:34:72,44.94,1465
a4:08:01:cd:6d:9c,f0:86:20:04:34:72,44.99,1559
a4:08:01:cd:6d:9c,f0:86:20:04:34:72,45.09,1559
a4:08:01:cd:6d:9c,f0:86:20:04:34:72,45.13,161
a4:08:01:cd:6d:9c,f0:86:20:04:34:72,45.18,297
a4:08:01:cd:6d:9c,f0:86:20:04:34:72,45.27,137
a4:08:01:cd:6d:9c,f0:86:20:04:34:72,45.37,1559
a4:08:01:cd:6d:9c,f0:86:20:04:34:72,45.43,97
a4:08:01:cd:6d:9c,f0:86:20:04:34:72,45.48,1559
a4:08:01:cd:6d:9c,f0:86:20:04:34:72,45.57,1559
a4:08:01:cd:6d:9c,f0:86:20:04:34:72,45.66,1559
a4:08:01:cd:6d:9c,f0:86:20:04:34:72,45.76,105
a4:08:01:cd:6d:9c,f0:86:20:04:34:72,45.8,89
a4:08:01:cd:6d:9c,f0:86:20:04:34:72,45.99,121
a4:08:01:cd:6d:9c,f0:86:20:04:34:72,46.06,105
a4:08:01:cd:6d:9c,f0:86:20:04:34:72,46.1,185
a4:08:01:cd:6d:9c,f0:86:20:04:34:72,46.15,457
a4:08:01:cd:6d:9c,f0:86:20:04:34:72,46.19,121
a4:08:01:cd:6d:9c,f0:86:20:04:34:72,46.24,113
a4:08:01:cd:6d:9c,f0:86:20:04:34:72,46.29,97
a4:08:01:cd:6d:9c,f0:86:20:04:34:72,46.34,89
a4:08:01:cd:6d:9c,f0:86:20:04:34:72,46.53,89
a4:08:01:cd:6d:9c,f0:86:20:04:34:72,46.57,105
a4:08:01:cd:6d:9c,f0:86:20:04:34:72,46.62,1559
a4:08:01:cd:6d:9c,f0:86:20:04:34:72,46.64,201
a4:08:01:cd:6d:9c,f0:86:20:04:34:72,46.73,1559
a4:08:01:cd:6d:9c,f0:86:20:04:34:72,46.78,97
a4:08:01:cd:6d:9c,f0:86:20:04:34:72,46.83,1559
a4:08:01:cd:6d:9c,f0:86:20:04:34:72,46.92,1369
a4:08:01:cd:6d:9c,f0:86:20:04:34:72,46.97,1559
a4:08:01:cd:6d:9c,f0:86:20:04:34:72,47.11,209
a4:08:01:cd:6d:9c,f0:86:20:04:34:72,47.16,105
a4:08:01:cd:6d:9c,f0:86:20:04:34:72,47.2,113
a4:08:01:cd:6d:9c,f0:86:20:04:34:72,47.25,137
a4:08:01:cd:6d:9c,f0:86:20:04:34:72,47.32,89
a4:08:01:cd:6d:9c,f0:86:20:04:34:72,47.36,1559
a4:08:01:cd:6d:9c,f0:86:20:04:34:72,47.41,1559
a4:08:01:cd:6d:9c,f0:86:20:04:34:72,47.46,1559
a4:08:01:cd:6d:9c,f0:86:20:04:34:72,47.5,1559
a4:08:01:cd:6d:9c,f0:86:20:04:34:72,47.55,1559
a4:08:01:cd:6d:9c,f0:86:20:04:34:72,47.6,1559
a4:08:01:cd:6d:9c,f0:86:20:04:34:72,47.74,1559
a4:08:01:cd:6d:9c,f0:86:20:04:34:72,47.79,1559
a4:08:01:cd:6d:9c,f0:86:20:04:34:72,47.84,1559
a4:08:01:cd:6d:9c,f0:86:20:04:34:72,47.89,1559
a4:08:01:cd:6d:9c,f0:86:20:04:34:72,47.95,1559
a4:08:01:cd:6d:9c,f0:86:20:04:34:72,47.99,1559
a4:08:01:cd:6d:9c,f0:86:20:04:34:72,48.04,1559
a4:08:01:cd:6d:9c,f0:86:20:04:34:72,48.09,1559
a4:08:01:cd:6d:9c,f0:86:20:04:34:72,48.14,1559
a4:08:01:cd:6d:9c,f0:86:20:04:34:72,48.18,1559
a4:08:01:cd:6d:9c,f0:86:20:04:34:72,48.23,1559
a4:08:01:cd:6d:9c,f0:86:20:04:34:72,48.28,1559
a4:08:01:cd:6d:9c,f0:86:20:04:34:72,48.32,1559
a4:08:01:cd:6d:9c,f0:86:20:04:34:72,48.37,1559
a4:08:01:cd:6d:9c,f0:86:20:04:34:72,48.42,1559
a4:08:01:cd:6d:9c,f0:86:20:04:34:72,48.47,1559
a4:08:01:cd:6d:9c,f0:86:20:04:34:72,48.51,209
a4:08:01:cd:6d:9c,f0:86:20:04:34:72,48.53,1441
a4:08:01:cd:6d:9c,f0:86:20:04:34:72,48.58,1559
a4:08:01:cd:6d:9c,f0:86:20:04:34:72,48.62,1559
a4:08:01:cd:6d:9c,f0:86:20:04:34:72,48.72,1559
a4:08:01:cd:6d:9c,f0:86:20:04:34:72,48.77,1559
a4:08:01:cd:6d:9c,f0:86:20:04:34:72,48.81,1559
a4:08:01:cd:6d:9c,f0:86:20:04:34:72,48.86,1559
a4:08:01:cd:6d:9c,f0:86:20:04:34:72,48.91,1559
a4:08:01:cd:6d:9c,f0:86:20:04:34:72,48.96,1559
a4:08:01:cd:6d:9c,f0:86:20:04:34:72,49.0,1559
a4:08:01:cd:6d:9c,f0:86:20:04:34:72,49.05,1559
a4:08:01:cd:6d:9c,f0:86:20:04:34:72,49.1,1559
a4:08:01:cd:6d:9c,f0:86:20:04:34:72,49.14,1559
a4:08:01:cd:6d:9c,f0:86:20:04:34:72,49.21,1559
a4:08:01:cd:6d:9c,f0:86:20:04:34:72,49.26,1559
a4:08:01:cd:6d:9c,f0:86:20:04:34:72,49.3,1559
a4:08:01:cd:6d:9c,f0:86:20:04:34:72,49.35,1169
a4:08:01:cd:6d:9c,f0:86:20:04:34:72,49.4,1559
a4:08:01:cd:6d:9c,f0:86:20:04:34:72,49.44,601
a4:08:01:cd:6d:9c,f0:86:20:04:34:72,49.49,1559
a4:08:01:cd:6d:9c,f0:86:20:04:34:72,49.54,1559
a4:08:01:cd:6d:9c,f0:86:20:04:34:72,49.58,1559
a4:08:01:cd:6d:9c,f0:86:20:04:34:72,49.63,1559
a4:08:01:cd:6d:9c,f0:86:20:04:34:72,49.68,1559
a4:08:01:cd:6d:9c,f0:86:20:04:34:72,49.72,209
a4:08:01:cd:6d:9c,f0:86:20:04:34:72,49.77,1559
a4:08:01:cd:6d:9c,f0:86:20:04:34:72,49.88,425
a4:08:01:cd:6d:9c,f0:86:20:04:34:72,49.97,1559
a4:08:01:cd:6d:9c,f0:86:20:04:34:72,50.02,1559
a4:08:01:cd:6d:9c,f0:86:20:04:34:72,50.07,1559
a4:08:01:cd:6d:9c,f0:86:20:04:34:72,50.12,1559
a4:08:01:cd:6d:9c,f0:86:20:04:34:72,50.16,1559
a4:08:01:cd:6d:9c,f0:86:20:04:34:72,50.21,1559
a4:08:01:cd:6d:9c,f0:86:20:04:34:72,50.26,1559
a4:08:01:cd:6d:9c,f0:86:20:04:34:72,50.3,1559
a4:08:01:cd:6d:9c,f0:86:20:04:34:72,50.35,1559
a4:08:01:cd:6d:9c,f0:86:20:04:34:72,50.4,1559
N/A,N/A,50.41,59
a4:08:01:cd:6d:9c,f0:86:20:04:34:72,50.41,345
a4:08:01:cd:6d:9c,f0:86:20:04:34:72,50.51,1559
a4:08:01:cd:6d:9c,f0:86:20:04:34:72,50.6,1559
a4:08:01:cd:6d:9c,f0:86:20:04:34:72,50.7,1559
a4:08:01:cd:6d:9c,f0:86:20:04:34:72,50.79,1559
a4:08:01:cd:6d:9c,f0:86:20:04:34:72,50.88,1559
a4:08:01:cd:6d:9c,f0:86:20:04:34:72,50.98,1559
a4:08:01:cd:6d:9c,f0:86:20:04:34:72,51.04,1559
a4:08:01:cd:6d:9c,f0:86:20:04:34:72,51.14,1559
a4:08:01:cd:6d:9c,f0:86:20:04:34:72,51.23,1465
a4:08:01:cd:6d:9c,f0:86:20:04:34:72,51.33,1559
a4:08:01:cd:6d:9c,f0:86:20:04:34:72,51.42,1559
a4:08:01:cd:6d:9c,f0:86:20:04:34:72,51.51,1559
a4:08:01:cd:6d:9c,f0:86:20:04:34:72,51.77,1559
a4:08:01:cd:6d:9c,f0:86:20:04:34:72,51.86,785
a4:08:01:cd:6d:9c,f0:86:20:04:34:72,52.05,897
a4:08:01:cd:6d:9c,f0:86:20:04:34:72,52.14,1089
a4:08:01:cd:6d:9c,f0:86:20:04:34:72,52.24,1559
a4:08:01:cd:6d:9c,f0:86:20:04:34:72,52.3,1559
a4:08:01:cd:6d:9c,f0:86:20:04:34:72,52.39,1559
a4:08:01:cd:6d:9c,f0:86:20:04:34:72,52.49,1559
a4:08:01:cd:6d:9c,f0:86:20:04:34:72,52.58,1559
a4:08:01:cd:6d:9c,f0:86:20:04:34:72,52.68,1559
a4:08:01:cd:6d:9c,f0:86:20:04:34:72,52.77,1559
a4:08:01:cd:6d:9c,f0:86:20:04:34:72,52.87,1559
a4:08:01:cd:6d:9c,f0:86:20:04:34:72,52.93,1559
a4:08:01:cd:6d:9c,f0:86:20:04:34:72,53.02,1559
a4:08:01:cd:6d:9c,f0:86:20:04:34:72,53.12,1559
a4:08:01:cd:6d:9c,f0:86:20:04:34:72,53.21,601
a4:08:01:cd:6d:9c,f0:86:20:04:34:72,53.3,1559
a4:08:01:cd:6d:9c,f0:86:20:04:34:72,53.4,1559
a4:08:01:cd:6d:9c,f0:86:20:04:34:72,53.49,1559
a4:08:01:cd:6d:9c,f0:86:20:04:34:72,53.65,1559
a4:08:01:cd:6d:9c,f0:86:20:04:34:72,53.74,1559
a4:08:01:cd:6d:9c,f0:86:20:04:34:72,53.84,1559
a4:08:01:cd:6d:9c,f0:86:20:04:34:72,53.93,1559
a4:08:01:cd:6d:9c,f0:86:20:04:34:72,54.03,1559
a4:08:01:cd:6d:9c,f0:86:20:04:34:72,54.12,1559
a4:08:01:cd:6d:9c,f0:86:20:04:34:72,54.18,1097
a4:08:01:cd:6d:9c,f0:86:20:04:34:72,54.28,1559
a4:08:01:cd:6d:9c,f0:86:20:04:34:72,54.37,905
a4:08:01:cd:6d:9c,f0:86:20:04:34:72,54.47,1559
a4:08:01:cd:6d:9c,f0:86:20:04:34:72,54.56,89
a4:08:01:cd:6d:9c,f0:86:20:04:34:72,54.66,1559
a4:08:01:cd:6d:9c,f0:86:20:04:34:72,54.75,1559
a4:08:01:cd:6d:9c,f0:86:20:04:34:72,54.81,1559
a4:08:01:cd:6d:9c,f0:86:20:04:34:72,54.9,177
a4:08:01:cd:6d:9c,f0:86:20:04:34:72,55.0,1559
a4:08:01:cd:6d:9c,f0:86:20:04:34:72,55.09,161
a4:08:01:cd:6d:9c,f0:86:20:04:34:72,55.19,1559
a4:08:01:cd:6d:9c,f0:86:20:04:34:72,55.28,1559
a4:08:01:cd:6d:9c,f0:86:20:04:34:72,55.38,1559
a4:08:01:cd:6d:9c,f0:86:20:04:34:72,55.54,1559
a4:08:01:cd:6d:9c,f0:86:20:04:34:72,55.63,1559
a4:08:01:cd:6d:9c,f0:86:20:04:34:72,55.72,145
a4:08:01:cd:6d:9c,f0:86:20:04:34:72,55.82,1559
a4:08:01:cd:6d:9c,f0:86:20:04:34:72,55.91,1559
a4:08:01:cd:6d:9c,f0:86:20:04:34:72,56.01,1559
a4:08:01:cd:6d:9c,f0:86:20:04:34:72,56.07,1559
a4:08:01:cd:6d:9c,f0:86:20:04:34:72,56.16,561
a4:08:01:cd:6d:9c,f0:86:20:04:34:72,56.26,1559
a4:08:01:cd:6d:9c,f0:86:20:04:34:72,56.35,1559
a4:08:01:cd:6d:9c,f0:86:20:04:34:72,56.45,1559
a4:08:01:cd:6d:9c,f0:86:20:04:34:72,56.54,569
a4:08:01:cd:6d:9c,f0:86:20:04:34:72,56.64,993
a4:08:01:cd:6d:9c,f0:86:20:04:34:72,56.7,713
a4:08:01:cd:6d:9c,f0:86:20:04:34:72,56.8,1559
a4:08:01:cd:6d:9c,f0:86:20:04:34:72,56.89,1559
a4:08:01:cd:6d:9c,f0:86:20:04:34:72,56.98,105
a4:08:01:cd:6d:9c,f0:86:20:04:34:72,57.08,1559
a4:08:01:cd:6d:9c,f0:86:20:04:34:72,57.17,1559
a4:08:01:cd:6d:9c,f0:86:20:04:34:72,57.27,1559
a4:08:01:cd:6d:9c,f0:86:20:04:34:72,57.42,1559
a4:08:01:cd:6d:9c,f0:86:20:04:34:72,57.51,393
a4:08:01:cd:6d:9c,f0:86:20:04:34:72,57.61,1559
9c:1e:95:20:00:20,a4:08:01:cd:6d:9c,57.61,233
N/A,N/A,57.61,68
a4:08:01:cd:6d:9c,9c:1e:95:20:00:20,57.61,233
a4:08:01:cd:6d:9c,9c:1e:95:20:00:20,57.61,233
a4:08:01:cd:6d:9c,9c:1e:95:20:00:20,57.62,233
a4:08:01:cd:6d:9c,9c:1e:95:20:00:20,57.62,233
a4:08:01:cd:6d:9c,9c:1e:95:20:00:20,57.62,233
N/A,N/A,57.62,68
9c:1e:95:20:00:20,a4:08:01:cd:6d:9c,57.68,164
N/A,N/A,57.68,68
a4:08:01:cd:6d:9c,f0:86:20:04:34:72,57.7,1559
a4:08:01:cd:6d:9c,f0:86:20:04:34:72,57.8,1559
a4:08:01:cd:6d:9c,f0:86:20:04:34:72,57.89,1559
a4:08:01:cd:6d:9c,f0:86:20:04:34:72,57.95,1559
a4:08:01:cd:6d:9c,f0:86:20:04:34:72,58.05,1559
a4:08:01:cd:6d:9c,f0:86:20:04:34:72,58.14,809
a4:08:01:cd:6d:9c,f0:86:20:04:34:72,58.33,1353
a4:08:01:cd:6d:9c,f0:86:20:04:34:72,58.43,1559
a4:08:01:cd:6d:9c,f0:86:20:04:34:72,58.52,1559
a4:08:01:cd:6d:9c,f0:86:20:04:34:72,58.58,1559
a4:08:01:cd:6d:9c,f0:86:20:04:34:72,58.67,1559
a4:08:01:cd:6d:9c,f0:86:20:04:34:72,58.77,385
a4:08:01:cd:6d:9c,f0:86:20:04:34:72,58.86,1559
a4:08:01:cd:6d:9c,f0:86:20:04:34:72,58.95,257
a4:08:01:cd:6d:9c,f0:86:20:04:34:72,59.05,1559
a4:08:01:cd:6d:9c,f0:86:20:04:34:72,59.14,705
a4:08:01:cd:6d:9c,f0:86:20:04:34:72,59.3,1559
a4:08:01:cd:6d:9c,f0:86:20:04:34:72,59.4,1559
a4:08:01:cd:6d:9c,f0:86:20:04:34:72,59.49,1559
a4:08:01:cd:6d:9c,f0:86:20:04:34:72,59.58,1559
a4:08:01:cd:6d:9c,f0:86:20:04:34:72,59.68,1559
a4:08:01:cd:6d:9c,f0:86:20:04:34:72,59.77,1017
a4:08:01:cd:6d:9c,f0:86:20:04:34:72,59.83,1559
a4:08:01:cd:6d:9c,f0:86:20:04:34:72,59.93,1409
a4:08:01:cd:6d:9c,f0:86:20:04:34:72,60.02,1559
a4:08:01:cd:6d:9c,f0:86:20:04:34:72,60.11,89
a4:08:01:cd:6d:9c,f0:86:20:04:34:72,60.21,753
a4:08:01:cd:6d:9c,f0:86:20:04:34:72,60.3,153
a4:08:01:cd:6d:9c,f0:86:20:04:34:72,60.4,1559
a4:08:01:cd:6d:9c,f0:86:20:04:34:72,60.46,1559
a4:08:01:cd:6d:9c,f0:86:20:04:34:72,60.56,1559
a4:08:01:cd:6d:9c,f0:86:20:04:34:72,60.65,1559
a4:08:01:cd:6d:9c,f0:86:20:04:34:72,60.74,1559
a4:08:01:cd:6d:9c,f0:86:20:04:34:72,60.84,1559
a4:08:01:cd:6d:9c,f0:86:20:04:34:72,60.93,1559
a4:08:01:cd:6d:9c,f0:86:20:04:34:72,61.02,249
a4:08:01:cd:6d:9c,f0:86:20:04:34:72,61.18,1559
a4:08:01:cd:6d:9c,f0:86:20:04:34:72,61.28,1329
a4:08:01:cd:6d:9c,f0:86:20:04:34:72,61.37,1559
a4:08:01:cd:6d:9c,f0:86:20:04:34:72,61.46,1559
a4:08:01:cd:6d:9c,f0:86:20:04:34:72,61.56,1559
a4:08:01:cd:6d:9c,f0:86:20:04:34:72,61.65,1457
a4:08:01:cd:6d:9c,f0:86:20:04:34:72,61.71,641
a4:08:01:cd:6d:9c,f0:86:20:04:34:72,61.81,777
a4:08:01:cd:6d:9c,f0:86:20:04:34:72,61.9,937
a4:08:01:cd:6d:9c,f0:86:20:04:34:72,62.0,1281
a4:08:01:cd:6d:9c,f0:86:20:04:34:72,62.09,225
a4:08:01:cd:6d:9c,f0:86:20:04:34:72,62.19,1559
a4:08:01:cd:6d:9c,f0:86:20:04:34:72,62.28,1559
a4:08:01:cd:6d:9c,f0:86:20:04:34:72,62.34,121
a4:08:01:cd:6d:9c,f0:86:20:04:34:72,62.53,193
a4:08:01:cd:6d:9c,f0:86:20:04:34:72,62.63,1559
a4:08:01:cd:6d:9c,f0:86:20:04:34:72,62.72,1559
9c:1e:95:20:00:20,a4:08:01:cd:6d:9c,62.8,175
N/A,N/A,62.8,68
a4:08:01:cd:6d:9c,9c:1e:95:20:00:20,62.8,164
a4:08:01:cd:6d:9c,9c:1e:95:20:00:20,62.8,164
a4:08:01:cd:6d:9c,9c:1e:95:20:00:20,62.8,164
a4:08:01:cd:6d:9c,9c:1e:95:20:00:20,62.8,164
N/A,N/A,62.8,68
a4:08:01:cd:6d:9c,f0:86:20:04:34:72,62.91,1559
a4:08:01:cd:6d:9c,f0:86:20:04:34:72,63.06,1559
a4:08:01:cd:6d:9c,f0:86:20:04:34:72,63.16,193
a4:08:01:cd:6d:9c,f0:86:20:04:34:72,63.25,1559
a4:08:01:cd:6d:9c,f0:86:20:04:34:72,63.35,1559
a4:08:01:cd:6d:9c,f0:86:20:04:34:72,63.44,1559
a4:08:01:cd:6d:9c,f0:86:20:04:34:72,63.53,1559
a4:08:01:cd:6d:9c,f0:86:20:04:34:72,63.6,1559
a4:08:01:cd:6d:9c,f0:86:20:04:34:72,63.69,1559
a4:08:01:cd:6d:9c,f0:86:20:04:34:72,63.78,881
a4:08:01:cd:6d:9c,f0:86:20:04:34:72,63.88,1559
a4:08:01:cd:6d:9c,f0:86:20:04:34:72,63.97,1559
a4:08:01:cd:6d:9c,f0:86:20:04:34:72,64.07,1559
a4:08:01:cd:6d:9c,f0:86:20:04:34:72,64.16,1559
a4:08:01:cd:6d:9c,f0:86:20:04:34:72,64.22,1559
a4:08:01:cd:6d:9c,f0:86:20:04:34:72,64.32,969
a4:08:01:cd:6d:9c,f0:86:20:04:34:72,64.41,1559
a4:08:01:cd:6d:9c,f0:86:20:04:34:72,64.6,1559
a4:08:01:cd:6d:9c,f0:86:20:04:34:72,64.7,1559
a4:08:01:cd:6d:9c,f0:86:20:04:34:72,64.79,1559
a4:08:01:cd:6d:9c,f0:86:20:04:34:72,64.95,1559
a4:08:01:cd:6d:9c,f0:86:20:04:34:72,65.04,1559
a4:08:01:cd:6d:9c,f0:86:20:04:34:72,65.13,1559
a4:08:01:cd:6d:9c,f0:86:20:04:34:72,65.23,1559
a4:08:01:cd:6d:9c,f0:86:20:04:34:72,65.32,1559
a4:08:01:cd:6d:9c,f0:86:20:04:34:72,65.41,1559
a4:08:01:cd:6d:9c,f0:86:20:04:34:72,65.48,1559
a4:08:01:cd:6d:9c,f0:86:20:04:34:72,65.57,1559
a4:08:01:cd:6d:9c,f0:86:20:04:34:72,65.67,1559
a4:08:01:cd:6d:9c,f0:86:20:04:34:72,65.76,1559
a4:08:01:cd:6d:9c,f0:86:20:04:34:72,65.85,1559
a4:08:01:cd:6d:9c,f0:86:20:04:34:72,65.95,1559
a4:08:01:cd:6d:9c,f0:86:20:04:34:72,66.04,1559
a4:08:01:cd:6d:9c,f0:86:20:04:34:72,66.1,1559
a4:08:01:cd:6d:9c,f0:86:20:04:34:72,66.2,1297
a4:08:01:cd:6d:9c,f0:86:20:04:34:72,66.29,1559
a4:08:01:cd:6d:9c,f0:86:20:04:34:72,66.38,1559
a4:08:01:cd:6d:9c,f0:86:20:04:34:72,66.48,1559
a4:08:01:cd:6d:9c,f0:86:20:04:34:72,66.57,1559
a4:08:01:cd:6d:9c,f0:86:20:04:34:72,66.66,1559
a4:08:01:cd:6d:9c,f0:86:20:04:34:72,66.82,1559
a4:08:01:cd:6d:9c,f0:86:20:04:34:72,66.92,1559
a4:08:01:cd:6d:9c,f0:86:20:04:34:72,67.01,1559
a4:08:01:cd:6d:9c,f0:86:20:04:34:72,67.1,1559
a4:08:01:cd:6d:9c,f0:86:20:04:34:72,67.2,1559
a4:08:01:cd:6d:9c,f0:86:20:04:34:72,67.29,1559
a4:08:01:cd:6d:9c,f0:86:20:04:34:72,67.35,1559
a4:08:01:cd:6d:9c,f0:86:20:04:34:72,67.45,1559
a4:08:01:cd:6d:9c,f0:86:20:04:34:72,67.54,1559
a4:08:01:cd:6d:9c,f0:86:20:04:34:72,67.64,1559
a4:08:01:cd:6d:9c,f0:86:20:04:34:72,67.73,1559
a4:08:01:cd:6d:9c,f0:86:20:04:34:72,67.82,1559
a4:08:01:cd:6d:9c,f0:86:20:04:34:72,67.92,1559
a4:08:01:cd:6d:9c,f0:86:20:04:34:72,67.98,1559
a4:08:01:cd:6d:9c,f0:86:20:04:34:72,68.07,1559
a4:08:01:cd:6d:9c,f0:86:20:04:34:72,68.17,1559
a4:08:01:cd:6d:9c,f0:86:20:04:34:72,68.26,1559
a4:08:01:cd:6d:9c,f0:86:20:04:34:72,68.3,64
N/A,N/A,68.3,48
a4:08:01:cd:6d:9c,f0:86:20:04:34:72,68.35,1559
a4:08:01:cd:6d:9c,f0:86:20:04:34:72,68.45,1559
a4:08:01:cd:6d:9c,f0:86:20:04:34:72,68.54,1559
a4:08:01:cd:6d:9c,f0:86:20:04:34:72,68.7,1559
a4:08:01:cd:6d:9c,f0:86:20:04:34:72,68.79,1559
a4:08:01:cd:6d:9c,f0:86:20:04:34:72,68.89,1559
a4:08:01:cd:6d:9c,f0:86:20:04:34:72,68.98,1559
a4:08:01:cd:6d:9c,f0:86:20:04:34:72,69.08,1559
a4:08:01:cd:6d:9c,f0:86:20:04:34:72,69.17,1559
a4:08:01:cd:6d:9c,f0:86:20:04:34:72,69.23,185
a4:08:01:cd:6d:9c,f0:86:20:04:34:72,69.33,681
a4:08:01:cd:6d:9c,f0:86:20:04:34:72,69.42,1559
a4:08:01:cd:6d:9c,f0:86:20:04:34:72,69.52,1559
a4:08:01:cd:6d:9c,f0:86:20:04:34:72,69.61,833
a4:08:01:cd:6d:9c,f0:86:20:04:34:72,69.8,1559
a4:08:01:cd:6d:9c,f0:86:20:04:34:72,69.86,609
a4:08:01:cd:6d:9c,f0:86:20:04:34:72,69.95,1497
a4:08:01:cd:6d:9c,f0:86:20:04:34:72,70.05,185
a4:08:01:cd:6d:9c,f0:86:20:04:34:72,70.14,401
a4:08:01:cd:6d:9c,f0:86:20:04:34:72,70.24,1559
a4:08:01:cd:6d:9c,f0:86:20:04:34:72,70.33,865
a4:08:01:cd:6d:9c,f0:86:20:04:34:72,70.43,1559
a4:08:01:cd:6d:9c,f0:86:20:04:34:72,70.58,1559
a4:08:01:cd:6d:9c,f0:86:20:04:34:72,70.77,537
a4:08:01:cd:6d:9c,f0:86:20:04:34:72,70.86,153
a4:08:01:cd:6d:9c,f0:86:20:04:34:72,70.96,1559
a4:08:01:cd:6d:9c,f0:86:20:04:34:72,71.05,1559
a4:08:01:cd:6d:9c,f0:86:20:04:34:72,71.12,1559
a4:08:01:cd:6d:9c,f0:86:20:04:34:72,71.21,1559
a4:08:01:cd:6d:9c,f0:86:20:04:34:72,71.3,1559
a4:08:01:cd:6d:9c,f0:86:20:04:34:72,71.4,1559
a4:08:01:cd:6d:9c,f0:86:20:04:34:72,71.49,1559
a4:08:01:cd:6d:9c,f0:86:20:04:34:72,71.58,1559
a4:08:01:cd:6d:9c,f0:86:20:04:34:72,71.68,1559
a4:08:01:cd:6d:9c,f0:86:20:04:34:72,71.74,1559
a4:08:01:cd:6d:9c,f0:86:20:04:34:72,71.83,1559
a4:08:01:cd:6d:9c,f0:86:20:04:34:72,71.93,1559
a4:08:01:cd:6d:9c,f0:86:20:04:34:72,72.02,1559
a4:08:01:cd:6d:9c,f0:86:20:04:34:72,72.12,1559
a4:08:01:cd:6d:9c,9c:1e:95:20:00:20,72.17,197
a4:08:01:cd:6d:9c,9c:1e:95:20:00:20,72.17,197
a4:08:01:cd:6d:9c,9c:1e:95:20:00:20,72.17,197
a4:08:01:cd:6d:9c,9c:1e:95:20:00:20,72.17,197
N/A,N/A,72.17,68
a4:08:01:cd:6d:9c,f0:86:20:04:34:72,72.21,1559
9c:1e:95:20:00:20,a4:08:01:cd:6d:9c,72.24,164
N/A,N/A,72.24,68
a4:08:01:cd:6d:9c,f0:86:20:04:34:72,72.46,1559
a4:08:01:cd:6d:9c,f0:86:20:04:34:72,72.55,1559
a4:08:01:cd:6d:9c,f0:86:20:04:34:72,72.65,1559
a4:08:01:cd:6d:9c,f0:86:20:04:34:72,72.74,1559
a4:08:01:cd:6d:9c,f0:86:20:04:34:72,72.84,1559
a4:08:01:cd:6d:9c,f0:86:20:04:34:72,72.93,1559
a4:08:01:cd:6d:9c,f0:86:20:04:34:72,72.99,1559
a4:08:01:cd:6d:9c,f0:86:20:04:34:72,73.09,1559
a4:08:01:cd:6d:9c,f0:86:20:04:34:72,73.18,1559
a4:08:01:cd:6d:9c,f0:86:20:04:34:72,73.28,1559
a4:08:01:cd:6d:9c,f0:86:20:04:34:72,73.37,1559
a4:08:01:cd:6d:9c,f0:86:20:04:34:72,73.46,1559
a4:08:01:cd:6d:9c,f0:86:20:04:34:72,73.56,1559
a4:08:01:cd:6d:9c,f0:86:20:04:34:72,73.62,1559
a4:08:01:cd:6d:9c,f0:86:20:04:34:72,73.71,1559
a4:08:01:cd:6d:9c,f0:86:20:04:34:72,73.81,1559
a4:08:01:cd:6d:9c,f0:86:20:04:34:72,73.9,1559
a4:08:01:cd:6d:9c,f0:86:20:04:34:72,73.99,1559
a4:08:01:cd:6d:9c,f0:86:20:04:34:72,74.09,1559
a4:08:01:cd:6d:9c,f0:86:20:04:34:72,74.18,1559
a4:08:01:cd:6d:9c,9c:1e:95:20:00:20,74.33,175
a4:08:01:cd:6d:9c,9c:1e:95:20:00:20,74.33,175
a4:08:01:cd:6d:9c,9c:1e:95:20:00:20,74.33,175
a4:08:01:cd:6d:9c,9c:1e:95:20:00:20,74.34,175
a4:08:01:cd:6d:9c,9c:1e:95:20:00:20,74.34,175
a4:08:01:cd:6d:9c,f0:86:20:04:34:72,74.34,1559
a4:08:01:cd:6d:9c,9c:1e:95:20:00:20,74.34,175
a4:08:01:cd:6d:9c,9c:1e:95:20:00:20,74.35,175
a4:08:01:cd:6d:9c,9c:1e:95:20:00:20,74.36,175
N/A,N/A,74.36,68
9c:1e:95:20:00:20,a4:08:01:cd:6d:9c,74.42,164
N/A,N/A,74.42,68
9c:1e:95:20:00:20,a4:08:01:cd:6d:9c,74.42,175
N/A,N/A,74.42,68
a4:08:01:cd:6d:9c,9c:1e:95:20:00:20,74.43,164
a4:08:01:cd:6d:9c,9c:1e:95:20:00:20,74.43,164
a4:08:01:cd:6d:9c,9c:1e:95:20:00:20,74.43,164
a4:08:01:cd:6d:9c,9c:1e:95:20:00:20,74.43,164
a4:08:01:cd:6d:9c,9c:1e:95:20:00:20,74.43,164
a4:08:01:cd:6d:9c,9c:1e:95:20:00:20,74.43,164
a4:08:01:cd:6d:9c,9c:1e:95:20:00:20,74.44,164
N/A,N/A,74.44,68
a4:08:01:cd:6d:9c,f0:86:20:04:34:72,74.53,1559
a4:08:01:cd:6d:9c,f0:86:20:04:34:72,74.62,1353
a4:08:01:cd:6d:9c,f0:86:20:04:34:72,74.72,1559
a4:08:01:cd:6d:9c,f0:86:20:04:34:72,74.81,1559
N/A,N/A,74.87,59
a4:08:01:cd:6d:9c,f0:86:20:04:34:72,74.87,1559
a4:08:01:cd:6d:9c,f0:86:20:04:34:72,74.97,1559
a4:08:01:cd:6d:9c,f0:86:20:04:34:72,75.06,1559
a4:08:01:cd:6d:9c,f0:86:20:04:34:72,75.16,1417
a4:08:01:cd:6d:9c,f0:86:20:04:34:72,75.25,1559
a4:08:01:cd:6d:9c,f0:86:20:04:34:72,75.34,1559
a4:08:01:cd:6d:9c,f0:86:20:04:34:72,75.44,1559
a4:08:01:cd:6d:9c,f0:86:20:04:34:72,75.5,1559
a4:08:01:cd:6d:9c,f0:86:20:04:34:72,75.6,1559
a4:08:01:cd:6d:9c,f0:86:20:04:34:72,75.69,1559
a4:08:01:cd:6d:9c,f0:86:20:04:34:72,75.88,1559
a4:08:01:cd:6d:9c,f0:86:20:04:34:72,75.98,1559
a4:08:01:cd:6d:9c,f0:86:20:04:34:72,76.07,681
a4:08:01:cd:6d:9c,f0:86:20:04:34:72,76.23,1559
a4:08:01:cd:6d:9c,f0:86:20:04:34:72,76.32,1559
a4:08:01:cd:6d:9c,f0:86:20:04:34:72,76.42,1559
a4:08:01:cd:6d:9c,f0:86:20:04:34:72,76.51,1559
a4:08:01:cd:6d:9c,f0:86:20:04:34:72,76.6,1559
a4:08:01:cd:6d:9c,f0:86:20:04:34:72,76.7,1289
a4:08:01:cd:6d:9c,f0:86:20:04:34:72,76.76,1559
a4:08:01:cd:6d:9c,f0:86:20:04:34:72,76.86,1559
a4:08:01:cd:6d:9c,f0:86:20:04:34:72,76.95,1559
a4:08:01:cd:6d:9c,f0:86:20:04:34:72,77.05,1559
a4:08:01:cd:6d:9c,f0:86:20:04:34:72,77.14,1559
a4:08:01:cd:6d:9c,f0:86:20:04:34:72,77.24,1559
9c:1e:95:20:00:20,a4:08:01:cd:6d:9c,77.25,134
a4:08:01:cd:6d:9c,9c:1e:95:20:00:20,77.25,116
N/A,N/A,77.25,48
9c:1e:95:20:00:20,a4:08:01:cd:6d:9c,77.25,190
N/A,N/A,77.25,68
9c:1e:95:20:00:20,a4:08:01:cd:6d:9c,77.25,183
N/A,N/A,77.25,68
a4:08:01:cd:6d:9c,9c:1e:95:20:00:20,77.25,208
a4:08:01:cd:6d:9c,9c:1e:95:20:00:20,77.25,208
a4:08:01:cd:6d:9c,9c:1e:95:20:00:20,77.25,208
a4:08:01:cd:6d:9c,9c:1e:95:20:00:20,77.26,208
a4:08:01:cd:6d:9c,9c:1e:95:20:00:20,77.26,208
a4:08:01:cd:6d:9c,9c:1e:95:20:00:20,77.27,208
a4:08:01:cd:6d:9c,9c:1e:95:20:00:20,77.28,208
N/A,N/A,77.28,68
a4:08:01:cd:6d:9c,f0:86:20:04:34:72,77.33,1559
a4:08:01:cd:6d:9c,f0:86:20:04:34:72,77.39,1559
a4:08:01:cd:6d:9c,f0:86:20:04:34:72,77.58,153
a4:08:01:cd:6d:9c,f0:86:20:04:34:72,77.68,1449
a4:08:01:cd:6d:9c,f0:86:20:04:34:72,77.77,961
a4:08:01:cd:6d:9c,f0:86:20:04:34:72,77.87,1559
a4:08:01:cd:6d:9c,f0:86:20:04:34:72,77.96,1559
a4:08:01:cd:6d:9c,f0:86:20:04:34:72,78.12,1559
a4:08:01:cd:6d:9c,f0:86:20:04:34:72,78.21,1559
a4:08:01:cd:6d:9c,f0:86:20:04:34:72,78.31,1559
a4:08:01:cd:6d:9c,f0:86:20:04:34:72,78.4,1559
a4:08:01:cd:6d:9c,f0:86:20:04:34:72,78.5,1559
N/A,N/A,78.65,59
a4:08:01:cd:6d:9c,f0:86:20:04:34:72,78.65,337
a4:08:01:cd:6d:9c,f0:86:20:04:34:72,78.84,1559
a4:08:01:cd:6d:9c,f0:86:20:04:34:72,78.94,1559
a4:08:01:cd:6d:9c,f0:86:20:04:34:72,79.12,1559
a4:08:01:cd:6d:9c,f0:86:20:04:34:72,79.22,1559
a4:08:01:cd:6d:9c,f0:86:20:04:34:72,79.28,1559
a4:08:01:cd:6d:9c,f0:86:20:04:34:72,79.38,1559
a4:08:01:cd:6d:9c,f0:86:20:04:34:72,79.47,1559
a4:08:01:cd:6d:9c,f0:86:20:04:34:72,79.56,1559
a4:08:01:cd:6d:9c,f0:86:20:04:34:72,79.66,1559
a4:08:01:cd:6d:9c,f0:86:20:04:34:72,79.75,1559
a4:08:01:cd:6d:9c,f0:86:20:04:34:72,79.85,1559
a4:08:01:cd:6d:9c,f0:86:20:04:34:72,80.0,1559
a4:08:01:cd:6d:9c,f0:86:20:04:34:72,80.1,1559
a4:08:01:cd:6d:9c,f0:86:20:04:34:72,80.19,1559
a4:08:01:cd:6d:9c,f0:86:20:04:34:72,80.28,1559
a4:08:01:cd:6d:9c,f0:86:20:04:34:72,80.38,1559
a4:08:01:cd:6d:9c,f0:86:20:04:34:72,80.47,257
a4:08:01:cd:6d:9c,f0:86:20:04:34:72,80.53,1559
a4:08:01:cd:6d:9c,f0:86:20:04:34:72,80.63,1559
a4:08:01:cd:6d:9c,f0:86:20:04:34:72,80.72,1559
a4:08:01:cd:6d:9c,f0:86:20:04:34:72,80.82,1559
a4:08:01:cd:6d:9c,f0:86:20:04:34:72,80.91,945
a4:08:01:cd:6d:9c,f0:86:20:04:34:72,81.0,177
a4:08:01:cd:6d:9c,f0:86:20:04:34:72,81.1,1559
a4:08:01:cd:6d:9c,f0:86:20:04:34:72,81.16,1559
a4:08:01:cd:6d:9c,f0:86:20:04:34:72,81.26,1559
a4:08:01:cd:6d:9c,f0:86:20:04:34:72,81.35,1559
a4:08:01:cd:6d:9c,f0:86:20:04:34:72,81.45,1559
a4:08:01:cd:6d:9c,f0:86:20:04:34:72,81.54,1559
a4:08:01:cd:6d:9c,f0:86:20:04:34:72,81.63,1559
a4:08:01:cd:6d:9c,f0:86:20:04:34:72,81.73,1559
a4:08:01:cd:6d:9c,f0:86:20:04:34:72,81.89,1559
a4:08:01:cd:6d:9c,f0:86:20:04:34:72,81.98,1559
a4:08:01:cd:6d:9c,f0:86:20:04:34:72,82.08,1559
a4:08:01:cd:6d:9c,f0:86:20:04:34:72,82.17,1559
a4:08:01:cd:6d:9c,f0:86:20:04:34:72,82.26,1559
a4:08:01:cd:6d:9c,f0:86:20:04:34:72,82.36,1559
N/A,N/A,82.42,59
a4:08:01:cd:6d:9c,f0:86:20:04:34:72,82.42,1559
a4:08:01:cd:6d:9c,f0:86:20:04:34:72,82.52,1559
a4:08:01:cd:6d:9c,f0:86:20:04:34:72,82.71,1559
a4:08:01:cd:6d:9c,f0:86:20:04:34:72,82.89,1559
a4:08:01:cd:6d:9c,f0:86:20:04:34:72,82.99,1559
a4:08:01:cd:6d:9c,f0:86:20:04:34:72,83.05,1559
a4:08:01:cd:6d:9c,f0:86:20:04:34:72,83.15,1559
a4:08:01:cd:6d:9c,f0:86:20:04:34:72,83.24,1559
a4:08:01:cd:6d:9c,f0:86:20:04:34:72,83.34,1559
a4:08:01:cd:6d:9c,f0:86:20:04:34:72,83.53,1559
a4:08:01:cd:6d:9c,f0:86:20:04:34:72,83.62,1559
a4:08:01:cd:6d:9c,f0:86:20:04:34:72,83.78,1559
a4:08:01:cd:6d:9c,f0:86:20:04:34:72,83.87,1559
a4:08:01:cd:6d:9c,f0:86:20:04:34:72,83.97,1559
a4:08:01:cd:6d:9c,f0:86:20:04:34:72,84.06,1559
a4:08:01:cd:6d:9c,f0:86:20:04:34:72,84.16,1559
a4:08:01:cd:6d:9c,f0:86:20:04:34:72,84.25,1559
a4:08:01:cd:6d:9c,f0:86:20:04:34:72,84.31,1559
a4:08:01:cd:6d:9c,f0:86:20:04:34:72,84.41,1559
a4:08:01:cd:6d:9c,f0:86:20:04:34:72,84.5,1559
a4:08:01:cd:6d:9c,f0:86:20:04:34:72,84.6,1559
a4:08:01:cd:6d:9c,f0:86:20:04:34:72,84.69,1559
a4:08:01:cd:6d:9c,f0:86:20:04:34:72,84.79,1559
a4:08:01:cd:6d:9c,f0:86:20:04:34:72,84.88,1313
a4:08:01:cd:6d:9c,f0:86:20:04:34:72,84.94,1559
a4:08:01:cd:6d:9c,9c:1e:95:20:00:20,85.03,196
a4:08:01:cd:6d:9c,9c:1e:95:20:00:20,85.03,196
a4:08:01:cd:6d:9c,9c:1e:95:20:00:20,85.03,196
a4:08:01:cd:6d:9c,9c:1e:95:20:00:20,85.03,196
a4:08:01:cd:6d:9c,9c:1e:95:20:00:20,85.03,196
a4:08:01:cd:6d:9c,9c:1e:95:20:00:20,85.03,196
a4:08:01:cd:6d:9c,f0:86:20:04:34:72,85.04,1559
a4:08:01:cd:6d:9c,9c:1e:95:20:00:20,85.04,196
N/A,N/A,85.04,68
9c:1e:95:20:00:20,a4:08:01:cd:6d:9c,85.04,196
9c:1e:95:20:00:20,a4:08:01:cd:6d:9c,85.04,196
N/A,N/A,85.04,68
a4:08:01:cd:6d:9c,9c:1e:95:20:00:20,85.05,196
a4:08:01:cd:6d:9c,9c:1e:95:20:00:20,85.05,196
a4:08:01:cd:6d:9c,9c:1e:95:20:00:20,85.05,196
a4:08:01:cd:6d:9c,9c:1e:95:20:00:20,85.05,196
N/A,N/A,85.05,68
9c:1e:95:20:00:20,a4:08:01:cd:6d:9c,85.05,196
9c:1e:95:20:00:20,a4:08:01:cd:6d:9c,85.05,196
N/A,N/A,85.05,68
a4:08:01:cd:6d:9c,9c:1e:95:20:00:20,85.05,196
a4:08:01:cd:6d:9c,9c:1e:95:20:00:20,85.05,196
a4:08:01:cd:6d:9c,9c:1e:95:20:00:20,85.05,196
a4:08:01:cd:6d:9c,9c:1e:95:20:00:20,85.05,196
a4:08:01:cd:6d:9c,9c:1e:95:20:00:20,85.06,196
a4:08:01:cd:6d:9c,9c:1e:95:20:00:20,85.06,196
a4:08:01:cd:6d:9c,9c:1e:95:20:00:20,85.06,196
N/A,N/A,85.06,68
9c:1e:95:20:00:20,a4:08:01:cd:6d:9c,85.06,196
9c:1e:95:20:00:20,a4:08:01:cd:6d:9c,85.06,196
N/A,N/A,85.06,68
a4:08:01:cd:6d:9c,9c:1e:95:20:00:20,85.06,196
a4:08:01:cd:6d:9c,9c:1e:95:20:00:20,85.06,196
a4:08:01:cd:6d:9c,9c:1e:95:20:00:20,85.06,196
a4:08:01:cd:6d:9c,9c:1e:95:20:00:20,85.06,196
a4:08:01:cd:6d:9c,9c:1e:95:20:00:20,85.06,196
a4:08:01:cd:6d:9c,9c:1e:95:20:00:20,85.06,196
a4:08:01:cd:6d:9c,9c:1e:95:20:00:20,85.07,196
a4:08:01:cd:6d:9c,9c:1e:95:20:00:20,85.07,196
N/A,N/A,85.07,68
9c:1e:95:20:00:20,a4:08:01:cd:6d:9c,85.07,196
9c:1e:95:20:00:20,a4:08:01:cd:6d:9c,85.07,196
N/A,N/A,85.07,68
a4:08:01:cd:6d:9c,9c:1e:95:20:00:20,85.08,196
a4:08:01:cd:6d:9c,9c:1e:95:20:00:20,85.08,196
a4:08:01:cd:6d:9c,9c:1e:95:20:00:20,85.08,196
a4:08:01:cd:6d:9c,9c:1e:95:20:00:20,85.08,196
a4:08:01:cd:6d:9c,9c:1e:95:20:00:20,85.08,196
a4:08:01:cd:6d:9c,9c:1e:95:20:00:20,85.08,196
a4:08:01:cd:6d:9c,9c:1e:95:20:00:20,85.09,196
a4:08:01:cd:6d:9c,9c:1e:95:20:00:20,85.09,196
N/A,N/A,85.09,68
9c:1e:95:20:00:20,a4:08:01:cd:6d:9c,85.1,196
9c:1e:95:20:00:20,a4:08:01:cd:6d:9c,85.1,196
N/A,N/A,85.1,68
a4:08:01:cd:6d:9c,9c:1e:95:20:00:20,85.1,196
a4:08:01:cd:6d:9c,9c:1e:95:20:00:20,85.1,196
a4:08:01:cd:6d:9c,9c:1e:95:20:00:20,85.1,196
a4:08:01:cd:6d:9c,9c:1e:95:20:00:20,85.1,196
a4:08:01:cd:6d:9c,9c:1e:95:20:00:20,85.1,196
a4:08:01:cd:6d:9c,9c:1e:95:20:00:20,85.1,196
a4:08:01:cd:6d:9c,9c:1e:95:20:00:20,85.1,196
a4:08:01:cd:6d:9c,9c:1e:95:20:00:20,85.11,196
a4:08:01:cd:6d:9c,9c:1e:95:20:00:20,85.11,196
a4:08:01:cd:6d:9c,9c:1e:95:20:00:20,85.12,196
N/A,N/A,85.12,68
9c:1e:95:20:00:20,a4:08:01:cd:6d:9c,85.12,196
N/A,N/A,85.12,68
a4:08:01:cd:6d:9c,9c:1e:95:20:00:20,85.12,196
a4:08:01:cd:6d:9c,9c:1e:95:20:00:20,85.12,196
a4:08:01:cd:6d:9c,9c:1e:95:20:00:20,85.12,196
a4:08:01:cd:6d:9c,9c:1e:95:20:00:20,85.12,196
a4:08:01:cd:6d:9c,9c:1e:95:20:00:20,85.12,196
a4:08:01:cd:6d:9c,9c:1e:95:20:00:20,85.13,196
N/A,N/A,85.13,68
9c:1e:95:20:00:20,a4:08:01:cd:6d:9c,85.13,196
9c:1e:95:20:00:20,a4:08:01:cd:6d:9c,85.13,196
N/A,N/A,85.13,68
N/A,N/A,85.13,68
a4:08:01:cd:6d:9c,9c:1e:95:20:00:20,85.13,196
N/A,N/A,85.13,68
a4:08:01:cd:6d:9c,9c:1e:95:20:00:20,85.13,196
a4:08:01:cd:6d:9c,9c:1e:95:20:00:20,85.13,196
a4:08:01:cd:6d:9c,9c:1e:95:20:00:20,85.13,196
a4:08:01:cd:6d:9c,9c:1e:95:20:00:20,85.13,196
N/A,N/A,85.13,68
9c:1e:95:20:00:20,a4:08:01:cd:6d:9c,85.13,196
9c:1e:95:20:00:20,a4:08:01:cd:6d:9c,85.13,196
N/A,N/A,85.13,68
a4:08:01:cd:6d:9c,f0:86:20:04:34:72,85.14,1559
a4:08:01:cd:6d:9c,9c:1e:95:20:00:20,85.14,196
a4:08:01:cd:6d:9c,9c:1e:95:20:00:20,85.14,196
a4:08:01:cd:6d:9c,9c:1e:95:20:00:20,85.14,196
a4:08:01:cd:6d:9c,9c:1e:95:20:00:20,85.14,196
a4:08:01:cd:6d:9c,9c:1e:95:20:00:20,85.14,196
N/A,N/A,85.14,68
9c:1e:95:20:00:20,a4:08:01:cd:6d:9c,85.14,196
9c:1e:95:20:00:20,a4:08:01:cd:6d:9c,85.14,196
N/A,N/A,85.14,68
a4:08:01:cd:6d:9c,9c:1e:95:20:00:20,85.14,196
a4:08:01:cd:6d:9c,9c:1e:95:20:00:20,85.14,196
a4:08:01:cd:6d:9c,9c:1e:95:20:00:20,85.14,196
a4:08:01:cd:6d:9c,9c:1e:95:20:00:20,85.14,196
N/A,N/A,85.14,68
a4:08:01:cd:6d:9c,9c:1e:95:20:00:20,85.14,196
N/A,N/A,85.14,68
9c:1e:95:20:00:20,a4:08:01:cd:6d:9c,85.15,196
9c:1e:95:20:00:20,a4:08:01:cd:6d:9c,85.15,196
N/A,N/A,85.15,68
a4:08:01:cd:6d:9c,9c:1e:95:20:00:20,85.17,191
a4:08:01:cd:6d:9c,9c:1e:95:20:00:20,85.17,191
a4:08:01:cd:6d:9c,9c:1e:95:20:00:20,85.17,191
a4:08:01:cd:6d:9c,9c:1e:95:20:00:20,85.17,191
a4:08:01:cd:6d:9c,9c:1e:95:20:00:20,85.17,191
N/A,N/A,85.17,68
9c:1e:95:20:00:20,a4:08:01:cd:6d:9c,85.18,260
9c:1e:95:20:00:20,a4:08:01:cd:6d:9c,85.18,260
N/A,N/A,85.18,68
a4:08:01:cd:6d:9c,9c:1e:95:20:00:20,85.18,172
a4:08:01:cd:6d:9c,9c:1e:95:20:00:20,85.18,172
a4:08:01:cd:6d:9c,9c:1e:95:20:00:20,85.18,172
a4:08:01:cd:6d:9c,9c:1e:95:20:00:20,85.19,172
a4:08:01:cd:6d:9c,9c:1e:95:20:00:20,85.19,172
N/A,N/A,85.19,68
a4:08:01:cd:6d:9c,f0:86:20:04:34:72,85.23,1559
9c:1e:95:20:00:20,a4:08:01:cd:6d:9c,85.24,172
9c:1e:95:20:00:20,a4:08:01:cd:6d:9c,85.24,172
N/A,N/A,85.24,68
a4:08:01:cd:6d:9c,9c:1e:95:20:00:20,85.24,164
a4:08:01:cd:6d:9c,9c:1e:95:20:00:20,85.24,164
N/A,N/A,85.24,76
N/A,N/A,85.24,68
a4:08:01:cd:6d:9c,9c:1e:95:20:00:20,85.24,164
a4:08:01:cd:6d:9c,9c:1e:95:20:00:20,85.24,413
a4:08:01:cd:6d:9c,9c:1e:95:20:00:20,85.24,448
N/A,N/A,85.24,76
N/A,N/A,85.24,68
a4:08:01:cd:6d:9c,9c:1e:95:20:00:20,85.24,164
a4:08:01:cd:6d:9c,9c:1e:95:20:00:20,85.24,413
a4:08:01:cd:6d:9c,9c:1e:95:20:00:20,85.24,448
N/A,N/A,85.24,76
N/A,N/A,85.24,68
a4:08:01:cd:6d:9c,9c:1e:95:20:00:20,85.24,164
a4:08:01:cd:6d:9c,9c:1e:95:20:00:20,85.24,413
a4:08:01:cd:6d:9c,9c:1e:95:20:00:20,85.24,448
N/A,N/A,85.24,68
N/A,N/A,85.29,76
9c:1e:95:20:00:20,a4:08:01:cd:6d:9c,85.29,164
9c:1e:95:20:00:20,a4:08:01:cd:6d:9c,85.29,164
9c:1e:95:20:00:20,a4:08:01:cd:6d:9c,85.29,457
9c:1e:95:20:00:20,a4:08:01:cd:6d:9c,85.29,164
N/A,N/A,85.29,76
9c:1e:95:20:00:20,a4:08:01:cd:6d:9c,85.3,164
9c:1e:95:20:00:20,a4:08:01:cd:6d:9c,85.3,164
9c:1e:95:20:00:20,a4:08:01:cd:6d:9c,85.3,457
9c:1e:95:20:00:20,a4:08:01:cd:6d:9c,85.3,164
N/A,N/A,85.3,68
a4:08:01:cd:6d:9c,9c:1e:95:20:00:20,85.3,164
a4:08:01:cd:6d:9c,9c:1e:95:20:00:20,85.3,164
a4:08:01:cd:6d:9c,9c:1e:95:20:00:20,85.3,164
a4:08:01:cd:6d:9c,9c:1e:95:20:00:20,85.3,164
a4:08:01:cd:6d:9c,9c:1e:95:20:00:20,85.3,164
N/A,N/A,85.3,68
a4:08:01:cd:6d:9c,9c:1e:95:20:00:20,85.3,164
a4:08:01:cd:6d:9c,9c:1e:95:20:00:20,85.3,164
a4:08:01:cd:6d:9c,9c:1e:95:20:00:20,85.3,164
a4:08:01:cd:6d:9c,9c:1e:95:20:00:20,85.3,164
a4:08:01:cd:6d:9c,9c:1e:95:20:00:20,85.3,164
N/A,N/A,85.3,68
a4:08:01:cd:6d:9c,f0:86:20:04:34:72,85.32,1559
9c:1e:95:20:00:20,a4:08:01:cd:6d:9c,85.35,164
9c:1e:95:20:00:20,a4:08:01:cd:6d:9c,85.35,164
N/A,N/A,85.35,68
a4:08:01:cd:6d:9c,f0:86:20:04:34:72,85.42,1559
a4:08:01:cd:6d:9c,f0:86:20:04:34:72,85.51,1559
a4:08:01:cd:6d:9c,f0:86:20:04:34:72,85.67,1559
a4:08:01:cd:6d:9c,f0:86:20:04:34:72,85.76,1559
a4:08:01:cd:6d:9c,f0:86:20:04:34:72,85.86,1559
a4:08:01:cd:6d:9c,f0:86:20:04:34:72,85.95,1559
a4:08:01:cd:6d:9c,f0:86:20:04:34:72,86.04,1559
a4:08:01:cd:6d:9c,f0:86:20:04:34:72,86.14,1559
a4:08:01:cd:6d:9c,f0:86:20:04:34:72,86.2,1559
a4:08:01:cd:6d:9c,f0:86:20:04:34:72,86.3,1559
a4:08:01:cd:6d:9c,f0:86:20:04:34:72,86.39,1559
a4:08:01:cd:6d:9c,f0:86:20:04:34:72,86.48,1559
a4:08:01:cd:6d:9c,f0:86:20:04:34:72,86.58,1559
a4:08:01:cd:6d:9c,f0:86:20:04:34:72,86.67,1559
a4:08:01:cd:6d:9c,f0:86:20:04:34:72,86.83,1559
a4:08:01:cd:6d:9c,f0:86:20:04:34:72,86.92,305
a4:08:01:cd:6d:9c,f0:86:20:04:34:72,87.02,1559
a4:08:01:cd:6d:9c,f0:86:20:04:34:72,87.11,1559
a4:08:01:cd:6d:9c,f0:86:20:04:34:72,87.21,1559
a4:08:01:cd:6d:9c,f0:86:20:04:34:72,87.3,1559
a4:08:01:cd:6d:9c,f0:86:20:04:34:72,87.39,1559
a4:08:01:cd:6d:9c,f0:86:20:04:34:72,87.55,1559
9c:1e:95:20:00:20,a4:08:01:cd:6d:9c,87.61,233
9c:1e:95:20:00:20,a4:08:01:cd:6d:9c,87.61,233
N/A,N/A,87.61,68
a4:08:01:cd:6d:9c,9c:1e:95:20:00:20,87.62,233
a4:08:01:cd:6d:9c,9c:1e:95:20:00:20,87.62,233
a4:08:01:cd:6d:9c,9c:1e:95:20:00:20,87.62,233
a4:08:01:cd:6d:9c,9c:1e:95:20:00:20,87.62,233
a4:08:01:cd:6d:9c,9c:1e:95:20:00:20,87.62,233
N/A,N/A,87.62,68
a4:08:01:cd:6d:9c,f0:86:20:04:34:72,87.65,1559
9c:1e:95:20:00:20,a4:08:01:cd:6d:9c,87.68,164
9c:1e:95:20:00:20,a4:08:01:cd:6d:9c,87.68,164
N/A,N/A,87.68,68
a4:08:01:cd:6d:9c,f0:86:20:04:34:72,87.74,1559
a4:08:01:cd:6d:9c,f0:86:20:04:34:72,87.84,1559
a4:08:01:cd:6d:9c,f0:86:20:04:34:72,87.93,1559
a4:08:01:cd:6d:9c,f0:86:20:04:34:72,88.02,1559
a4:08:01:cd:6d:9c,f0:86:20:04:34:72,88.09,1559
a4:08:01:cd:6d:9c,f0:86:20:04:34:72,88.18,1559
a4:08:01:cd:6d:9c,f0:86:20:04:34:72,88.28,1559
a4:08:01:cd:6d:9c,f0:86:20:04:34:72,88.37,1559
a4:08:01:cd:6d:9c,f0:86:20:04:34:72,88.46,1559
a4:08:01:cd:6d:9c,f0:86:20:04:34:72,88.56,1559
a4:08:01:cd:6d:9c,f0:86:20:04:34:72,88.65,1559
a4:08:01:cd:6d:9c,f0:86:20:04:34:72,88.71,1559
a4:08:01:cd:6d:9c,f0:86:20:04:34:72,88.81,1559
a4:08:01:cd:6d:9c,f0:86:20:04:34:72,88.9,1559
a4:08:01:cd:6d:9c,f0:86:20:04:34:72,89.0,1559
a4:08:01:cd:6d:9c,f0:86:20:04:34:72,89.09,1559
a4:08:01:cd:6d:9c,f0:86:20:04:34:72,89.19,1559
a4:08:01:cd:6d:9c,f0:86:20:04:34:72,89.28,1559
a4:08:01:cd:6d:9c,f0:86:20:04:34:72,89.44,1559
a4:08:01:cd:6d:9c,f0:86:20:04:34:72,89.53,1559
a4:08:01:cd:6d:9c,f0:86:20:04:34:72,89.63,1559
a4:08:01:cd:6d:9c,f0:86:20:04:34:72,89.72,1559
a4:08:01:cd:6d:9c,f0:86:20:04:34:72,89.81,1185
a4:08:01:cd:6d:9c,f0:86:20:04:34:72,89.91,1559
a4:08:01:cd:6d:9c,f0:86:20:04:34:72,89.97,1559
a4:08:01:cd:6d:9c,f0:86:20:04:34:72,90.06,153
a4:08:01:cd:6d:9c,f0:86:20:04:34:72,90.16,409
a4:08:01:cd:6d:9c,f0:86:20:04:34:72,90.25,1559
a4:08:01:cd:6d:9c,f0:86:20:04:34:72,90.35,1559
a4:08:01:cd:6d:9c,f0:86:20:04:34:72,90.44,1559
a4:08:01:cd:6d:9c,f0:86:20:04:34:72,90.54,1559
a4:08:01:cd:6d:9c,f0:86:20:04:34:72,90.6,1559
a4:08:01:cd:6d:9c,f0:86:20:04:34:72,90.69,1559
a4:08:01:cd:6d:9c,f0:86:20:04:34:72,90.79,1559
a4:08:01:cd:6d:9c,f0:86:20:04:34:72,91.07,1559
a4:08:01:cd:6d:9c,f0:86:20:04:34:72,91.16,1559
a4:08:01:cd:6d:9c,f0:86:20:04:34:72,91.32,1559
a4:08:01:cd:6d:9c,f0:86:20:04:34:72,91.41,1559
a4:08:01:cd:6d:9c,f0:86:20:04:34:72,91.51,1559
a4:08:01:cd:6d:9c,f0:86:20:04:34:72,91.6,1559
a4:08:01:cd:6d:9c,f0:86:20:04:34:72,91.7,169
a4:08:01:cd:6d:9c,f0:86:20:04:34:72,91.79,1169
a4:08:01:cd:6d:9c,f0:86:20:04:34:72,91.95,1559
a4:08:01:cd:6d:9c,f0:86:20:04:34:72,92.04,1559
a4:08:01:cd:6d:9c,f0:86:20:04:34:72,92.14,1559
a4:08:01:cd:6d:9c,f0:86:20:04:34:72,92.23,1559
a4:08:01:cd:6d:9c,f0:86:20:04:34:72,92.32,1559
a4:08:01:cd:6d:9c,f0:86:20:04:34:72,92.41,1559
a4:08:01:cd:6d:9c,f0:86:20:04:34:72,92.48,1559
a4:08:01:cd:6d:9c,f0:86:20:04:34:72,92.67,1559
a4:08:01:cd:6d:9c,f0:86:20:04:34:72,92.76,1559
a4:08:01:cd:6d:9c,f0:86:20:04:34:72,92.86,1559
a4:08:01:cd:6d:9c,f0:86:20:04:34:72,92.95,1559
a4:08:01:cd:6d:9c,f0:86:20:04:34:72,93.05,1559
a4:08:01:cd:6d:9c,f0:86:20:04:34:72,93.2,1559
a4:08:01:cd:6d:9c,f0:86:20:04:34:72,93.3,1559
a4:08:01:cd:6d:9c,f0:86:20:04:34:72,93.39,1559
a4:08:01:cd:6d:9c,f0:86:20:04:34:72,93.49,1559
a4:08:01:cd:6d:9c,f0:86:20:04:34:72,93.58,1559
a4:08:01:cd:6d:9c,f0:86:20:04:34:72,93.67,1559
a4:08:01:cd:6d:9c,f0:86:20:04:34:72,93.73,1233
a4:08:01:cd:6d:9c,f0:86:20:04:34:72,93.83,1559
a4:08:01:cd:6d:9c,f0:86:20:04:34:72,93.92,1559
a4:08:01:cd:6d:9c,f0:86:20:04:34:72,94.02,1481
a4:08:01:cd:6d:9c,f0:86:20:04:34:72,94.11,1559
a4:08:01:cd:6d:9c,f0:86:20:04:34:72,94.21,1559
a4:08:01:cd:6d:9c,f0:86:20:04:34:72,94.3,1559
a4:08:01:cd:6d:9c,f0:86:20:04:34:72,94.36,1559
a4:08:01:cd:6d:9c,f0:86:20:04:34:72,94.46,1559
a4:08:01:cd:6d:9c,f0:86:20:04:34:72,94.55,1559
a4:08:01:cd:6d:9c,f0:86:20:04:34:72,94.65,1559
a4:08:01:cd:6d:9c,f0:86:20:04:34:72,94.74,1559
a4:08:01:cd:6d:9c,f0:86:20:04:34:72,94.83,1559
a4:08:01:cd:6d:9c,f0:86:20:04:34:72,94.93,1559
a4:08:01:cd:6d:9c,f0:86:20:04:34:72,95.08,1559
a4:08:01:cd:6d:9c,f0:86:20:04:34:72,95.18,1559
a4:08:01:cd:6d:9c,f0:86:20:04:34:72,95.27,1559
a4:08:01:cd:6d:9c,f0:86:20:04:34:72,95.37,1559
a4:08:01:cd:6d:9c,f0:86:20:04:34:72,95.46,1559
a4:08:01:cd:6d:9c,f0:86:20:04:34:72,95.56,1559
a4:08:01:cd:6d:9c,f0:86:20:04:34:72,95.62,1559
a4:08:01:cd:6d:9c,f0:86:20:04:34:72,95.71,1559
